Experiment Name:,151120_CGI002b_phopho_exported_populations
Primary Researcher:,Adeeb Rahman
Compensation used:,File-internal Compensation
Exported at:,December 16 2015 - 02:30 pm
Link to experiment:,https://mtsinai.cytobank.org/cytobank/experiments/15066

FCS Filename,Conditions,Individuals,SampleType,Ungated_EventCounts,Medians_Ungated_Sm147Di--(pSTAT5),Medians_Ungated_Eu153Di--(pSTAT1),Medians_Ungated_Gd156Di--(pp38),Medians_Ungated_Gd158Di--(pSTAT3),Medians_Ungated_Tb159Di--(pMAPKAP2),Medians_Ungated_Dy162Di--(pPLCg2),Medians_Ungated_Dy164Di--(IkBa),Medians_Ungated_Ho165Di--(pCREB),Medians_Ungated_Er167Di--(pERK1_2),Medians_Ungated_Lu175Di--(pS6)
151120_CGI002b_CV7095_auto_live_B cells.fcs,auto,CV7095,B cells,918,1.2081774473190308,0.13531933724880219,10.316471099853516,2.3991364240646362,34.30475425720215,22.079315185546875,2.2667804956436157,91.94051742553711,0.0,15.506441116333008
151120_CGI002b_CV7095_auto_live_Basophils.fcs,auto,CV7095,Basophils,56,2.7066478729248047,5.14684534072876,13.72778034210205,1.010134756565094,13.074991703033447,0.4297891706228256,0.5162971019744873,119.04708099365234,3.5347477197647095,4.131650686264038
151120_CGI002b_CV7095_auto_live_CD14 monocytes.fcs,auto,CV7095,CD14 monocytes,5627,4.956211090087891,3.7222747802734375,53.83409118652344,6.644906997680664,67.42431640625,31.849424362182617,10.676200866699219,350.7414245605469,7.805471897125244,35.66733169555664
151120_CGI002b_CV7095_auto_live_CD16 monocytes.fcs,auto,CV7095,CD16 monocytes,885,7.354434490203857,6.686606407165527,21.08821678161621,6.537806987762451,42.232669830322266,94.90386962890625,10.803606033325195,184.99969482421875,1.0459095239639282,7.323912143707275
151120_CGI002b_CV7095_auto_live_CD1c DCs.fcs,auto,CV7095,CD1c DCs,237,3.657902956008911,1.7189735174179077,51.136863708496094,3.8024630546569824,68.14427947998047,39.7513542175293,38.215816497802734,357.650634765625,5.901203632354736,154.39727783203125
151120_CGI002b_CV7095_auto_live_CD4 T cells.fcs,auto,CV7095,CD4 T cells,9426,1.5476275086402893,0.0,8.355916976928711,1.0549455881118774,24.13951015472412,16.211779594421387,14.785862922668457,81.82659149169922,4.05712628364563,1.5824754238128662
151120_CGI002b_CV7095_auto_live_CD8 T cells.fcs,auto,CV7095,CD8 T cells,4026,1.3892079591751099,0.0,9.038437366485596,0.7228304445743561,26.10124111175537,17.754931449890137,13.323258399963379,90.83661651611328,4.066823720932007,2.367092251777649
151120_CGI002b_CV7095_auto_live_NK cells.fcs,auto,CV7095,NK cells,3326,1.6270381212234497,0.04572020284831524,7.14604926109314,0.593658059835434,26.33533763885498,42.07102012634277,8.452550888061523,80.98781967163086,0.02510942704975605,0.8248598277568817
151120_CGI002b_CV7095_auto_live_NKT cells.fcs,auto,CV7095,NKT cells,5580,1.063678503036499,0.0,6.3192689418792725,0.8677765130996704,19.743139266967773,27.16097068786621,7.03511643409729,61.37160301208496,3.8309972286224365,0.8042400777339935
151120_CGI002b_CV7095_auto_live_Total.fcs,auto,CV7095,Total,30797,1.9211868047714233,0.39035019278526306,10.692501068115234,1.6938661336898804,28.48118782043457,23.488128662109375,10.352657318115234,97.71556091308594,3.592801094055176,3.0478649139404297
151120_CGI002b_CV7095_auto_live_pDCs.fcs,auto,CV7095,pDCs,282,1.5328468680381775,3.9284685850143433,23.62263011932373,1.8007763624191284,51.86319351196289,31.604835510253906,9.533542156219482,156.3640365600586,0.79610475897789,144.62744140625
151120_CGI002b_CV7095_healthy_live_B cells.fcs,healthy,CV7095,B cells,988,1.2880992889404297,0.13168494030833244,9.202668190002441,2.1004598140716553,32.525625228881836,22.340432167053223,2.12800395488739,68.43240356445312,0.0,13.860535144805908
151120_CGI002b_CV7095_healthy_live_Basophils.fcs,healthy,CV7095,Basophils,47,0.758723258972168,3.5901761054992676,19.329544067382812,0.11986115574836731,10.730756759643555,1.2036981582641602,0.679947555065155,117.69705200195312,2.477144241333008,6.99320125579834
151120_CGI002b_CV7095_healthy_live_CD14 monocytes.fcs,healthy,CV7095,CD14 monocytes,5774,5.629197597503662,3.285311460494995,27.744426727294922,6.180585622787476,49.89042663574219,35.63495063781738,10.5585618019104,261.490478515625,2.2108038663864136,8.959910869598389
151120_CGI002b_CV7095_healthy_live_CD16 monocytes.fcs,healthy,CV7095,CD16 monocytes,836,7.708124160766602,7.484180927276611,18.419464111328125,6.808172225952148,41.4001350402832,123.40444564819336,11.778770923614502,155.62623596191406,0.6658044457435608,3.9603271484375
151120_CGI002b_CV7095_healthy_live_CD1c DCs.fcs,healthy,CV7095,CD1c DCs,236,3.540219783782959,1.8068618774414062,25.008627891540527,3.4640594720840454,54.10397911071777,43.459434509277344,37.68720626831055,265.96405029296875,1.825168490409851,35.100189208984375
151120_CGI002b_CV7095_healthy_live_CD4 T cells.fcs,healthy,CV7095,CD4 T cells,12164,1.281185269355774,0.0,7.475360870361328,1.0550206899642944,23.24839687347412,16.78562831878662,14.951421737670898,65.1021499633789,3.6401684284210205,1.0426748991012573
151120_CGI002b_CV7095_healthy_live_CD8 T cells.fcs,healthy,CV7095,CD8 T cells,4635,1.1145384311676025,0.0,7.967307090759277,0.7157053351402283,25.77971649169922,18.170360565185547,13.859692573547363,76.66510772705078,3.880587100982666,1.6996620893478394
151120_CGI002b_CV7095_healthy_live_NK cells.fcs,healthy,CV7095,NK cells,3627,1.7246075868606567,0.1308971494436264,6.95153284072876,0.6223156452178955,26.54584503173828,40.08210372924805,8.756599426269531,76.79383087158203,0.19365917146205902,0.7403774857521057
151120_CGI002b_CV7095_healthy_live_NKT cells.fcs,healthy,CV7095,NKT cells,6268,1.248273491859436,0.0,5.78830885887146,0.9372389614582062,20.212332725524902,26.429113388061523,7.5564799308776855,57.22349739074707,3.4118164777755737,0.6124052703380585
151120_CGI002b_CV7095_healthy_live_Total.fcs,healthy,CV7095,Total,35252,1.8184149861335754,0.23318370431661606,9.114659309387207,1.5771352052688599,27.212973594665527,23.29170322418213,10.887611865997314,81.49247741699219,2.64271080493927,1.9444425106048584
151120_CGI002b_CV7095_healthy_live_pDCs.fcs,healthy,CV7095,pDCs,248,1.4781267642974854,3.1587969064712524,20.09832763671875,1.8189064264297485,50.75439643859863,32.27266502380371,9.622406482696533,86.05032348632812,0.07097976095974445,103.86821746826172
151120_CGI002b_CV7096_auto_live_B cells.fcs,auto,CV7096,B cells,2038,0.9602606892585754,0.0,8.187465190887451,1.9269623160362244,29.620677947998047,16.983400344848633,3.203477144241333,74.54523849487305,0.0,13.133990287780762
151120_CGI002b_CV7096_auto_live_Basophils.fcs,auto,CV7096,Basophils,57,4.065342426300049,2.586196184158325,2.6746022701263428,0.6895115971565247,1.6280020475387573,0.0,1.8651586771011353,136.95950317382812,2.277846097946167,6.6152777671813965
151120_CGI002b_CV7096_auto_live_CD14 monocytes.fcs,auto,CV7096,CD14 monocytes,7891,4.61305570602417,3.0866222381591797,51.56842803955078,5.322255611419678,58.11275100708008,30.421463012695312,9.80770492553711,323.24774169921875,5.165976524353027,35.562705993652344
151120_CGI002b_CV7096_auto_live_CD16 monocytes.fcs,auto,CV7096,CD16 monocytes,157,6.003599166870117,5.718573570251465,17.533729553222656,5.931192398071289,38.665626525878906,113.89346313476562,6.2979841232299805,170.62493896484375,0.0,5.729955673217773
151120_CGI002b_CV7096_auto_live_CD1c DCs.fcs,auto,CV7096,CD1c DCs,708,2.7174891233444214,1.3373140096664429,31.830248832702637,2.124175190925598,54.88728332519531,39.20932579040527,37.381513595581055,298.6260528564453,2.3601510524749756,66.2386589050293
151120_CGI002b_CV7096_auto_live_CD4 T cells.fcs,auto,CV7096,CD4 T cells,17830,0.7444596886634827,0.0,9.437677383422852,0.12175671383738518,18.673046112060547,8.054140567779541,12.437039375305176,80.73478317260742,2.243569493293762,2.905885338783264
151120_CGI002b_CV7096_auto_live_CD8 T cells.fcs,auto,CV7096,CD8 T cells,8004,0.7340770661830902,0.0,9.915154933929443,0.18599803745746613,21.298583030700684,8.449260234832764,13.451408386230469,89.71348190307617,2.333552122116089,3.5589598417282104
151120_CGI002b_CV7096_auto_live_NK cells.fcs,auto,CV7096,NK cells,13870,1.0671187043190002,0.0,7.022287130355835,0.47022293508052826,24.40919589996338,23.143953323364258,3.920679211616516,79.22795867919922,0.0,0.9182791709899902
151120_CGI002b_CV7096_auto_live_NKT cells.fcs,auto,CV7096,NKT cells,3313,0.8634753227233887,0.0,6.088325023651123,0.8484936356544495,19.09961700439453,16.33086585998535,5.781646251678467,70.56507110595703,2.587496280670166,1.3272119760513306
151120_CGI002b_CV7096_auto_live_Total.fcs,auto,CV7096,Total,54967,1.2416309118270874,0.0,10.313395500183105,0.9192610383033752,24.11575698852539,14.152247428894043,7.986171722412109,93.2385025024414,1.6891032457351685,3.5002620220184326
151120_CGI002b_CV7096_auto_live_pDCs.fcs,auto,CV7096,pDCs,220,1.5151169896125793,3.602636456489563,19.93141269683838,1.2435941100120544,48.40056800842285,25.97144603729248,11.103907108306885,125.76364517211914,0.7003106772899628,123.62741470336914
151120_CGI002b_CV7096_healthy_live_B cells.fcs,healthy,CV7096,B cells,2180,1.1032376885414124,0.0,7.8287200927734375,1.7781793475151062,29.632569313049316,17.42922019958496,3.026342034339905,54.45333290100098,0.0,10.977383136749268
151120_CGI002b_CV7096_healthy_live_Basophils.fcs,healthy,CV7096,Basophils,57,2.125983476638794,3.4036850929260254,9.47802448272705,1.0876481533050537,2.9585890769958496,1.680354356765747,2.0904645919799805,118.75071716308594,0.7047697901725769,6.712757587432861
151120_CGI002b_CV7096_healthy_live_CD14 monocytes.fcs,healthy,CV7096,CD14 monocytes,8945,4.962059020996094,2.8660898208618164,33.28114700317383,5.255716323852539,48.23268127441406,34.631675720214844,9.536150932312012,266.50531005859375,1.9594824314117432,9.744315147399902
151120_CGI002b_CV7096_healthy_live_CD16 monocytes.fcs,healthy,CV7096,CD16 monocytes,153,5.715928554534912,6.168155670166016,16.082275390625,4.581912994384766,35.39613723754883,86.80738830566406,6.729467868804932,147.36605834960938,0.42766109108924866,5.770143985748291
151120_CGI002b_CV7096_healthy_live_CD1c DCs.fcs,healthy,CV7096,CD1c DCs,789,2.6905007362365723,1.1573498249053955,22.773128509521484,1.8637990951538086,49.54475784301758,40.3244743347168,38.73807907104492,245.8016815185547,1.1870394945144653,24.682552337646484
151120_CGI002b_CV7096_healthy_live_CD4 T cells.fcs,healthy,CV7096,CD4 T cells,23953,0.6531736850738525,0.0,8.062383651733398,0.15747173130512238,18.06802749633789,8.956191062927246,12.575373649597168,72.6574935913086,2.472567081451416,2.056737184524536
151120_CGI002b_CV7096_healthy_live_CD8 T cells.fcs,healthy,CV7096,CD8 T cells,9274,0.6118160486221313,0.0,8.669231414794922,0.14257972687482834,20.978365898132324,8.432344436645508,13.21984338760376,76.1796989440918,2.4612295627593994,2.2914434671401978
151120_CGI002b_CV7096_healthy_live_NK cells.fcs,healthy,CV7096,NK cells,14716,1.0305073261260986,0.0,6.8710033893585205,0.5880070626735687,25.0216121673584,22.844770431518555,4.01663875579834,73.394287109375,0.0,0.761432945728302
151120_CGI002b_CV7096_healthy_live_NKT cells.fcs,healthy,CV7096,NKT cells,3548,0.6567777693271637,0.0,5.779376268386841,0.8551540076732635,19.632649421691895,15.567242622375488,5.70270562171936,64.1585693359375,2.691249966621399,1.322560429573059
151120_CGI002b_CV7096_healthy_live_Total.fcs,healthy,CV7096,Total,64623,1.1626405715942383,0.0,9.305845260620117,0.8940678834915161,23.549823760986328,14.218648910522461,8.485210418701172,82.45392608642578,1.6031228303909302,2.4672794342041016
151120_CGI002b_CV7096_healthy_live_pDCs.fcs,healthy,CV7096,pDCs,247,1.7155656814575195,2.68636155128479,16.75200843811035,1.3346176147460938,49.855079650878906,28.0565242767334,10.360541343688965,83.27262115478516,0.7071281671524048,151.12826538085938
151120_CGI002b_CV7100_auto_live_B cells.fcs,auto,CV7100,B cells,2100,0.4858947992324829,0.0,9.487899780273438,1.7254026532173157,27.58359146118164,18.258070945739746,0.9201591312885284,104.69615173339844,0.0,12.649100303649902
151120_CGI002b_CV7100_auto_live_Basophils.fcs,auto,CV7100,Basophils,491,7.732456684112549,2.811245918273926,30.86309242248535,1.5260214805603027,15.56545639038086,0.18274787068367004,2.386526584625244,132.2564239501953,2.107975959777832,9.881181716918945
151120_CGI002b_CV7100_auto_live_CD14 monocytes.fcs,auto,CV7100,CD14 monocytes,5094,5.65497612953186,2.9943898916244507,33.411983489990234,6.293389081954956,44.05891799926758,40.65577507019043,12.37086534500122,251.22998809814453,2.522700309753418,9.760464668273926
151120_CGI002b_CV7100_auto_live_CD16 monocytes.fcs,auto,CV7100,CD16 monocytes,933,6.333594799041748,5.524216651916504,17.60914421081543,5.897134304046631,36.13887405395508,103.16143035888672,10.652216911315918,171.13360595703125,0.1267789602279663,6.142944812774658
151120_CGI002b_CV7100_auto_live_CD1c DCs.fcs,auto,CV7100,CD1c DCs,100,4.765504360198975,2.0351913571357727,38.36853790283203,2.7536020278930664,53.70984077453613,47.276010513305664,40.08812713623047,335.6120910644531,4.071814060211182,98.14170837402344
151120_CGI002b_CV7100_auto_live_CD4 T cells.fcs,auto,CV7100,CD4 T cells,9089,1.2667250633239746,0.0,8.739557266235352,1.0343458652496338,21.50137710571289,17.224607467651367,15.334531784057617,97.56099700927734,4.526963710784912,2.3646116256713867
151120_CGI002b_CV7100_auto_live_CD8 T cells.fcs,auto,CV7100,CD8 T cells,1720,0.9776006639003754,0.0,9.047335624694824,0.16798875480890274,19.78370952606201,18.43161106109619,11.21256160736084,104.67034530639648,3.3280123472213745,4.601403474807739
151120_CGI002b_CV7100_auto_live_NK cells.fcs,auto,CV7100,NK cells,5882,2.346870183944702,0.36462362110614777,9.471475601196289,1.0212213397026062,27.86628246307373,49.96225166320801,9.378949165344238,139.63323211669922,1.4739133715629578,2.3264788389205933
151120_CGI002b_CV7100_auto_live_NKT cells.fcs,auto,CV7100,NKT cells,4365,0.7936124205589294,0.0,6.633237838745117,0.9479109644889832,18.3804874420166,25.671213150024414,8.671300888061523,79.04647827148438,3.574054479598999,2.1359870433807373
151120_CGI002b_CV7100_auto_live_Total.fcs,auto,CV7100,Total,30257,1.9172874689102173,0.27884209156036377,10.924020767211914,1.6697770357131958,25.770536422729492,26.046215057373047,10.408689498901367,121.04869079589844,2.572908878326416,3.8889071941375732
151120_CGI002b_CV7100_auto_live_pDCs.fcs,auto,CV7100,pDCs,111,2.9047188758850098,4.4370903968811035,23.454309463500977,1.6186338663101196,50.18407440185547,28.043529510498047,9.645453453063965,178.25717163085938,1.5513746738433838,114.19786834716797
151120_CGI002b_CV7100_healthy_live_B cells.fcs,healthy,CV7100,B cells,2621,0.7222440242767334,0.0,8.636661529541016,1.8683388233184814,28.614425659179688,20.6070556640625,0.6695172190666199,69.301025390625,0.0,9.175424575805664
151120_CGI002b_CV7100_healthy_live_Basophils.fcs,healthy,CV7100,Basophils,502,8.544454097747803,2.555070638656616,29.45378875732422,1.6735961437225342,17.19827651977539,0.8097622096538544,2.953977346420288,134.8136215209961,1.9473671317100525,9.984525680541992
151120_CGI002b_CV7100_healthy_live_CD14 monocytes.fcs,healthy,CV7100,CD14 monocytes,4882,6.197502851486206,3.071837902069092,27.0394868850708,5.790543556213379,42.44445991516113,42.946847915649414,11.303247928619385,215.11095428466797,1.5890879034996033,6.153702974319458
151120_CGI002b_CV7100_healthy_live_CD16 monocytes.fcs,healthy,CV7100,CD16 monocytes,858,6.70768404006958,4.571687459945679,16.320128440856934,5.4964611530303955,36.23708534240723,98.73836135864258,10.49361801147461,146.00367736816406,0.0,3.857490658760071
151120_CGI002b_CV7100_healthy_live_CD1c DCs.fcs,healthy,CV7100,CD1c DCs,104,2.896424889564514,1.6914111375808716,22.26067543029785,2.6336443424224854,53.28401756286621,38.87016487121582,42.15959930419922,243.98251342773438,1.6613232493400574,34.264835357666016
151120_CGI002b_CV7100_healthy_live_CD4 T cells.fcs,healthy,CV7100,CD4 T cells,11882,1.228339433670044,0.0,8.104551792144775,0.9566534459590912,21.621606826782227,14.8071870803833,16.139092445373535,79.3456802368164,4.3488757610321045,1.7052446603775024
151120_CGI002b_CV7100_healthy_live_CD8 T cells.fcs,healthy,CV7100,CD8 T cells,2081,0.6395834684371948,0.0,8.066957473754883,0.4122457206249237,19.94812774658203,16.924701690673828,12.104547500610352,93.17491912841797,2.9379453659057617,3.155620813369751
151120_CGI002b_CV7100_healthy_live_NK cells.fcs,healthy,CV7100,NK cells,6352,2.273908495903015,0.3870624005794525,9.521430969238281,1.0641220808029175,27.765844345092773,46.44435501098633,9.62809133529663,132.5928726196289,1.436931550502777,2.178796887397766
151120_CGI002b_CV7100_healthy_live_NKT cells.fcs,healthy,CV7100,NKT cells,5112,0.7531675100326538,0.0,6.30505108833313,0.9696274995803833,18.908613204956055,22.123679161071777,9.036288261413574,72.89719009399414,3.3253930807113647,1.877964437007904
151120_CGI002b_CV7100_healthy_live_Total.fcs,healthy,CV7100,Total,34815,1.7914892435073853,0.14117752015590668,9.879514694213867,1.520889401435852,25.21906280517578,23.670610427856445,10.751114845275879,100.56338500976562,2.4107606410980225,2.845494031906128
151120_CGI002b_CV7100_healthy_live_pDCs.fcs,healthy,CV7100,pDCs,116,2.0566779375076294,3.5051735639572144,22.83803367614746,1.6981854438781738,49.164804458618164,27.279662132263184,9.535801887512207,177.471923828125,1.0703958868980408,135.3125762939453
151120_CGI002b_CV7101_auto_live_B cells.fcs,auto,CV7101,B cells,2647,1.1476458311080933,0.0,9.71157169342041,1.3923945426940918,28.880966186523438,14.367785453796387,1.891037106513977,75.43685913085938,0.0,9.698596000671387
151120_CGI002b_CV7101_auto_live_Basophils.fcs,auto,CV7101,Basophils,119,2.512105703353882,1.5027168989181519,7.9564361572265625,1.0792428255081177,1.856757402420044,0.0,2.3909523487091064,136.19253540039062,0.8775935769081116,10.157842636108398
151120_CGI002b_CV7101_auto_live_CD14 monocytes.fcs,auto,CV7101,CD14 monocytes,7825,4.8653340339660645,2.433051824569702,31.88027000427246,4.821239948272705,44.96061706542969,31.99855613708496,11.722265243530273,259.6999206542969,1.9840091466903687,13.119235038757324
151120_CGI002b_CV7101_auto_live_CD16 monocytes.fcs,auto,CV7101,CD16 monocytes,1461,5.684753894805908,4.73129415512085,17.212343215942383,4.595295429229736,34.598777770996094,71.53275299072266,8.360763549804688,156.05868530273438,0.27779141068458557,6.6938252449035645
151120_CGI002b_CV7101_auto_live_CD1c DCs.fcs,auto,CV7101,CD1c DCs,642,3.077191114425659,1.6397053599357605,28.63562297821045,2.604368567466736,53.450300216674805,37.062082290649414,37.2841911315918,307.7947998046875,1.9994077682495117,82.02018356323242
151120_CGI002b_CV7101_auto_live_CD4 T cells.fcs,auto,CV7101,CD4 T cells,25873,0.5918498635292053,0.0,8.209354400634766,0.38186368346214294,18.76103973388672,15.217535018920898,10.76132583618164,78.91354370117188,2.29052472114563,2.0712881088256836
151120_CGI002b_CV7101_auto_live_CD8 T cells.fcs,auto,CV7101,CD8 T cells,32059,0.38541096448898315,0.0,7.692355632781982,0.0,21.16554069519043,16.237913131713867,8.806295394897461,101.06989288330078,1.9514635801315308,3.2163479328155518
151120_CGI002b_CV7101_auto_live_NK cells.fcs,auto,CV7101,NK cells,15202,1.3196154832839966,0.0,7.403305530548096,0.29601769149303436,24.67978858947754,38.183231353759766,7.1504600048065186,118.43696212768555,0.0,2.080464482307434
151120_CGI002b_CV7101_auto_live_NKT cells.fcs,auto,CV7101,NKT cells,24636,0.8132031857967377,0.0,6.369252681732178,0.581587165594101,19.174429893493652,24.510077476501465,7.088886260986328,74.03020858764648,2.3124383687973022,1.5104990601539612
151120_CGI002b_CV7101_auto_live_Total.fcs,auto,CV7101,Total,111973,0.9334204792976379,0.0,8.294419288635254,0.5468738079071045,21.95421600341797,20.57999038696289,8.429285049438477,95.54773712158203,1.7097595930099487,2.744288444519043
151120_CGI002b_CV7101_auto_live_pDCs.fcs,auto,CV7101,pDCs,279,2.6726510524749756,4.785326957702637,21.41927146911621,2.1116015911102295,51.23136901855469,28.289003372192383,13.693981170654297,144.3295135498047,0.6954864859580994,155.94248962402344
151120_CGI002b_CV7101_healthy_live_B cells.fcs,healthy,CV7101,B cells,2841,1.6974443197250366,0.0,9.421268463134766,1.7441211938858032,29.20708656311035,17.13013458251953,1.9329577684402466,62.350711822509766,0.0,8.408790588378906
151120_CGI002b_CV7101_healthy_live_Basophils.fcs,healthy,CV7101,Basophils,137,2.183176279067993,1.5108683109283447,5.907296180725098,1.4022549390792847,1.1479370594024658,0.0,2.2127487659454346,125.1103744506836,0.0,11.002593994140625
151120_CGI002b_CV7101_healthy_live_CD14 monocytes.fcs,healthy,CV7101,CD14 monocytes,10429,5.041282653808594,2.7132277488708496,29.609962463378906,5.248194217681885,43.452598571777344,37.61619186401367,11.137792587280273,238.4922637939453,1.447746753692627,9.451839447021484
151120_CGI002b_CV7101_healthy_live_CD16 monocytes.fcs,healthy,CV7101,CD16 monocytes,1638,5.172385215759277,4.636784315109253,17.178730964660645,4.713644981384277,33.51280403137207,76.3359260559082,8.986156940460205,139.60774993896484,0.0,6.105299711227417
151120_CGI002b_CV7101_healthy_live_CD1c DCs.fcs,healthy,CV7101,CD1c DCs,831,2.9594943523406982,1.7272906303405762,24.95742416381836,2.918870687484741,49.2193489074707,43.585296630859375,37.40050506591797,269.41290283203125,1.1555825471878052,61.102760314941406
151120_CGI002b_CV7101_healthy_live_CD4 T cells.fcs,healthy,CV7101,CD4 T cells,32266,0.6877221465110779,0.0,7.816894292831421,0.5146952569484711,18.488165855407715,15.735602378845215,11.346226215362549,74.09849548339844,2.745812177658081,2.0823142528533936
151120_CGI002b_CV7101_healthy_live_CD8 T cells.fcs,healthy,CV7101,CD8 T cells,39645,0.49570411443710327,0.0,7.288456916809082,0.0,21.468156814575195,16.7923641204834,9.223113059997559,97.46212005615234,2.2992818355560303,2.825813055038452
151120_CGI002b_CV7101_healthy_live_NK cells.fcs,healthy,CV7101,NK cells,18186,1.5992157459259033,0.0,7.829564332962036,0.6348865926265717,25.183249473571777,41.976083755493164,7.463346481323242,120.74544143676758,0.0,2.3470596075057983
151120_CGI002b_CV7101_healthy_live_NKT cells.fcs,healthy,CV7101,NKT cells,32778,0.8543273210525513,0.0,6.429187774658203,0.7866965532302856,19.85981273651123,25.341442108154297,7.30289363861084,71.72224044799805,2.669845938682556,1.3894654512405396
151120_CGI002b_CV7101_healthy_live_Total.fcs,healthy,CV7101,Total,140281,1.0643458366394043,0.0,8.145712852478027,0.7562965154647827,22.268224716186523,21.76442527770996,8.7758207321167,91.50526428222656,1.9582853317260742,2.546161651611328
151120_CGI002b_CV7101_healthy_live_pDCs.fcs,healthy,CV7101,pDCs,387,2.679302930831909,5.028048515319824,21.3557071685791,1.8674466609954834,50.372859954833984,27.171676635742188,12.286706924438477,139.18601989746094,0.6687382459640503,183.9827880859375
151120_CGI002b_CV7102_auto_live_B cells.fcs,auto,CV7102,B cells,4798,0.9184570610523224,0.2675047516822815,8.14508581161499,1.4288670420646667,25.23343849182129,16.532390594482422,2.1811678409576416,62.683305740356445,0.0,8.56520414352417
151120_CGI002b_CV7102_auto_live_Basophils.fcs,auto,CV7102,Basophils,496,5.246771812438965,2.8128844499588013,26.224703788757324,1.312879741191864,13.4780912399292,0.6592745780944824,0.9626018106937408,139.27285766601562,2.139760136604309,7.717293739318848
151120_CGI002b_CV7102_auto_live_CD14 monocytes.fcs,auto,CV7102,CD14 monocytes,9754,5.968080759048462,5.4896979331970215,35.16927909851074,5.04650092124939,44.04890823364258,31.866232872009277,7.4088873863220215,234.34004974365234,2.361166834831238,9.988753318786621
151120_CGI002b_CV7102_auto_live_CD16 monocytes.fcs,auto,CV7102,CD16 monocytes,3247,6.490237236022949,8.720442771911621,17.553165435791016,5.586591720581055,27.840978622436523,93.3337173461914,5.512369632720947,114.4776840209961,0.0,3.601785182952881
151120_CGI002b_CV7102_auto_live_CD1c DCs.fcs,auto,CV7102,CD1c DCs,537,3.2367024421691895,3.962430953979492,28.860671997070312,2.2786624431610107,51.78634262084961,36.59973907470703,28.640186309814453,238.45175170898438,1.4163422584533691,52.08194351196289
151120_CGI002b_CV7102_auto_live_CD4 T cells.fcs,auto,CV7102,CD4 T cells,16768,0.7928488254547119,0.0,8.9218430519104,0.7762641608715057,17.427241325378418,14.979063034057617,8.610216617584229,72.37362289428711,2.5464513301849365,2.448112964630127
151120_CGI002b_CV7102_auto_live_CD8 T cells.fcs,auto,CV7102,CD8 T cells,25675,0.525582492351532,0.0,9.0203857421875,0.0,18.97801971435547,15.569649696350098,5.069374084472656,102.3082504272461,2.2554826736450195,5.577871322631836
151120_CGI002b_CV7102_auto_live_NK cells.fcs,auto,CV7102,NK cells,13303,1.4705661535263062,0.0,8.671561241149902,0.506127119064331,25.64063835144043,37.175201416015625,4.993724822998047,95.71232604980469,0.6312341690063477,1.648511528968811
151120_CGI002b_CV7102_auto_live_NKT cells.fcs,auto,CV7102,NKT cells,8267,0.798270583152771,0.0,7.336552619934082,0.4536442160606384,17.392650604248047,21.548686981201172,4.321946620941162,80.48019409179688,2.875209331512451,2.7274932861328125
151120_CGI002b_CV7102_auto_live_Total.fcs,auto,CV7102,Total,85512,1.336986482143402,0.03757752105593681,10.476160049438477,0.8812185823917389,22.294543266296387,20.44377326965332,5.448025941848755,99.2318000793457,1.7997748851776123,4.260070085525513
151120_CGI002b_CV7102_auto_live_pDCs.fcs,auto,CV7102,pDCs,346,1.6109060049057007,4.687613010406494,20.76210880279541,1.4643988609313965,45.93306350708008,22.715622901916504,5.890798807144165,126.6180534362793,0.29082296788692474,91.37117385864258
151120_CGI002b_CV7102_healthy_live_B cells.fcs,healthy,CV7102,B cells,5254,0.7299905121326447,0.43898144364356995,7.657289743423462,1.5566253662109375,24.682682037353516,15.931038856506348,1.9033277034759521,56.66792106628418,0.0,9.653632164001465
151120_CGI002b_CV7102_healthy_live_Basophils.fcs,healthy,CV7102,Basophils,500,8.033888816833496,2.7325233221054077,24.30074405670166,1.6879923343658447,13.764705181121826,0.7727936804294586,1.0845129489898682,153.74996185302734,1.8676139116287231,8.329113483428955
151120_CGI002b_CV7102_healthy_live_CD14 monocytes.fcs,healthy,CV7102,CD14 monocytes,9924,4.659912347793579,5.81091046333313,32.35391426086426,5.305064678192139,42.234941482543945,29.67120933532715,5.522550821304321,209.67777252197266,1.9360751509666443,8.884308815002441
151120_CGI002b_CV7102_healthy_live_CD16 monocytes.fcs,healthy,CV7102,CD16 monocytes,2774,5.433925151824951,9.441460132598877,17.518878936767578,5.435283899307251,26.003089904785156,83.63955688476562,4.784672498703003,102.92324829101562,0.0,3.5717605352401733
151120_CGI002b_CV7102_healthy_live_CD1c DCs.fcs,healthy,CV7102,CD1c DCs,544,2.7636722326278687,4.479872465133667,27.830717086791992,2.588423490524292,47.30021858215332,36.09351921081543,23.331355094909668,231.7458953857422,1.2971214652061462,50.54255676269531
151120_CGI002b_CV7102_healthy_live_CD4 T cells.fcs,healthy,CV7102,CD4 T cells,20710,0.9510488212108612,0.0,8.51084852218628,0.959804505109787,17.42161464691162,13.946513652801514,8.649287700653076,69.72454833984375,2.909520149230957,2.7255682945251465
151120_CGI002b_CV7102_healthy_live_CD8 T cells.fcs,healthy,CV7102,CD8 T cells,23943,0.6224421262741089,0.0,8.587566375732422,0.0048744408413767815,19.761428833007812,14.393088340759277,4.9162917137146,103.44483947753906,2.84405517578125,5.764931678771973
151120_CGI002b_CV7102_healthy_live_NK cells.fcs,healthy,CV7102,NK cells,12937,1.5182719230651855,0.14667488634586334,8.837491989135742,0.6079709529876709,25.404478073120117,34.15083312988281,4.885044097900391,95.4230728149414,0.7117324471473694,2.0054121017456055
151120_CGI002b_CV7102_healthy_live_NKT cells.fcs,healthy,CV7102,NKT cells,9313,0.8762989044189453,0.0,7.537804126739502,0.650310218334198,18.38938331604004,19.771596908569336,4.08674955368042,82.70330810546875,3.355790853500366,3.2163922786712646
151120_CGI002b_CV7102_healthy_live_Total.fcs,healthy,CV7102,Total,87955,1.3070393800735474,0.12071775645017624,10.08893871307373,1.049606204032898,22.056650161743164,18.559423446655273,5.248629570007324,95.37467193603516,2.0240559577941895,4.412740230560303
151120_CGI002b_CV7102_healthy_live_pDCs.fcs,healthy,CV7102,pDCs,310,1.3246509432792664,4.641535997390747,19.997971534729004,1.2954806685447693,46.344343185424805,20.638867378234863,6.88501238822937,96.76624298095703,0.7591806054115295,96.3430061340332
151120_CGI002b_CV7106_auto_live_B cells.fcs,auto,CV7106,B cells,1266,1.399766206741333,0.08305040746927261,16.314520835876465,2.2931618690490723,32.717790603637695,16.220516204833984,1.8695636987686157,107.67377471923828,0.3193645775318146,14.420012474060059
151120_CGI002b_CV7106_auto_live_Basophils.fcs,auto,CV7106,Basophils,42,1.6200978755950928,2.7974132299423218,11.895559787750244,1.574556052684784,1.1251277327537537,0.13339798152446747,1.2374514937400818,99.19568634033203,2.1563568115234375,8.282088279724121
151120_CGI002b_CV7106_auto_live_CD14 monocytes.fcs,auto,CV7106,CD14 monocytes,10560,4.994944095611572,4.743199110031128,62.74777603149414,5.357593297958374,56.096506118774414,57.099998474121094,9.497822761535645,327.7217254638672,2.524686813354492,16.92786407470703
151120_CGI002b_CV7106_auto_live_CD16 monocytes.fcs,auto,CV7106,CD16 monocytes,2383,5.034016132354736,6.843642234802246,29.061309814453125,4.9525146484375,36.66000747680664,109.23778533935547,7.327901840209961,169.55874633789062,0.41478440165519714,8.460063934326172
151120_CGI002b_CV7106_auto_live_CD1c DCs.fcs,auto,CV7106,CD1c DCs,707,3.207681655883789,3.507477283477783,43.724159240722656,2.5920002460479736,56.416099548339844,50.395790100097656,29.960311889648438,363.2575378417969,1.773863673210144,168.45899963378906
151120_CGI002b_CV7106_auto_live_CD4 T cells.fcs,auto,CV7106,CD4 T cells,28739,0.6976832747459412,0.0,11.911232948303223,1.3296570777893066,23.27573585510254,9.426042556762695,17.17179298400879,125.28218841552734,3.860837936401367,4.3354926109313965
151120_CGI002b_CV7106_auto_live_CD8 T cells.fcs,auto,CV7106,CD8 T cells,9035,0.6031297445297241,0.0,13.009982109069824,0.5216355919837952,24.228586196899414,9.310297966003418,13.284712791442871,137.3988037109375,2.876399040222168,7.1607818603515625
151120_CGI002b_CV7106_auto_live_NK cells.fcs,auto,CV7106,NK cells,6983,0.9242891669273376,0.0,11.036932945251465,0.7362175583839417,24.838071823120117,24.93712615966797,4.451203346252441,106.18657684326172,0.6426883935928345,1.9465159177780151
151120_CGI002b_CV7106_auto_live_NKT cells.fcs,auto,CV7106,NKT cells,8636,0.7365084290504456,0.0,9.1282377243042,1.129241943359375,23.019804000854492,18.321048736572266,5.902143955230713,97.36748123168945,3.0517802238464355,2.203127145767212
151120_CGI002b_CV7106_auto_live_Total.fcs,auto,CV7106,Total,70337,1.287170171737671,0.0,15.023575782775879,1.6771020889282227,27.529373168945312,14.915539741516113,10.52035903930664,140.67823791503906,2.7344539165496826,5.4933552742004395
151120_CGI002b_CV7106_auto_live_pDCs.fcs,auto,CV7106,pDCs,423,2.05682110786438,3.9854118824005127,28.81976318359375,2.1395480632781982,56.43576431274414,30.97046661376953,13.49891471862793,344.5675354003906,0.6933535933494568,122.27857208251953
151120_CGI002b_CV7106_healthy_live_B cells.fcs,healthy,CV7106,B cells,1214,1.2787827849388123,0.0,14.02333688735962,2.4416422843933105,30.936875343322754,17.77647304534912,1.828965187072754,87.45094680786133,0.0,14.723814964294434
151120_CGI002b_CV7106_healthy_live_Basophils.fcs,healthy,CV7106,Basophils,25,1.2528479099273682,1.5340057611465454,14.44150161743164,0.33404186367988586,1.9041346311569214,0.0,1.6316577196121216,120.96727752685547,0.8001019358634949,9.986580848693848
151120_CGI002b_CV7106_healthy_live_CD14 monocytes.fcs,healthy,CV7106,CD14 monocytes,7978,4.959022045135498,4.35303807258606,55.819923400878906,5.073218822479248,52.73776054382324,50.70966720581055,9.343404293060303,299.7603454589844,2.3785709142684937,17.163783073425293
151120_CGI002b_CV7106_healthy_live_CD16 monocytes.fcs,healthy,CV7106,CD16 monocytes,1941,5.075837135314941,6.35610294342041,25.22391128540039,4.702081203460693,32.381103515625,107.66532135009766,7.103725433349609,146.5269317626953,0.41677358746528625,8.084442138671875
151120_CGI002b_CV7106_healthy_live_CD1c DCs.fcs,healthy,CV7106,CD1c DCs,605,3.220806360244751,2.6937272548675537,38.04046630859375,3.002607583999634,53.39497375488281,46.83477783203125,31.262670516967773,326.9849853515625,1.2201530933380127,138.35369873046875
151120_CGI002b_CV7106_healthy_live_CD4 T cells.fcs,healthy,CV7106,CD4 T cells,36176,0.741405725479126,0.0,10.839198112487793,1.0963165163993835,21.522526741027832,10.701172828674316,16.90719223022461,107.10354995727539,3.770792603492737,3.746902346611023
151120_CGI002b_CV7106_healthy_live_CD8 T cells.fcs,healthy,CV7106,CD8 T cells,10134,0.607804536819458,0.0,11.654836654663086,0.34661635756492615,22.541312217712402,10.035584449768066,13.524783611297607,117.20513534545898,2.716300129890442,5.707984924316406
151120_CGI002b_CV7106_healthy_live_NK cells.fcs,healthy,CV7106,NK cells,7632,0.8870035111904144,0.0,9.66239881515503,0.6552458107471466,23.093534469604492,26.47217559814453,4.742996692657471,92.03438568115234,0.510278731584549,1.816822111606598
151120_CGI002b_CV7106_healthy_live_NKT cells.fcs,healthy,CV7106,NKT cells,9158,0.7849012017250061,0.0,8.055973052978516,1.1511120796203613,21.42772102355957,19.476762771606445,6.0204973220825195,83.49489974975586,2.9736932516098022,1.9764318466186523
151120_CGI002b_CV7106_healthy_live_Total.fcs,healthy,CV7106,Total,76498,1.1360273957252502,0.0,12.43349027633667,1.3433097004890442,24.218533515930176,14.868475914001465,11.145252227783203,115.10747146606445,2.73603093624115,4.447209119796753
151120_CGI002b_CV7106_healthy_live_pDCs.fcs,healthy,CV7106,pDCs,297,2.1970770359039307,4.307257652282715,27.91983413696289,2.4632575511932373,52.336647033691406,33.23713684082031,12.814892768859863,302.515625,0.8046537637710571,127.58477783203125
151120_CGI002b_CV7107_auto_live_B cells.fcs,auto,CV7107,B cells,9032,0.7443967163562775,0.0,8.47500467300415,2.289970874786377,26.04326343536377,13.282718181610107,1.2135807275772095,82.15254592895508,0.0,11.448880195617676
151120_CGI002b_CV7107_auto_live_Basophils.fcs,auto,CV7107,Basophils,108,1.2918059825897217,0.6923847496509552,22.97037124633789,1.2894983291625977,10.815950393676758,0.0,0.0,150.36123657226562,1.9869711995124817,11.743042945861816
151120_CGI002b_CV7107_auto_live_CD14 monocytes.fcs,auto,CV7107,CD14 monocytes,5770,5.761371850967407,3.2729538679122925,40.62347984313965,4.86952805519104,46.52771186828613,38.88584899902344,9.9016695022583,263.1339874267578,2.5159748792648315,17.08793544769287
151120_CGI002b_CV7107_auto_live_CD16 monocytes.fcs,auto,CV7107,CD16 monocytes,478,8.043194770812988,6.854188680648804,22.58769416809082,5.6028289794921875,34.36474418640137,123.36581039428711,7.7702555656433105,204.74906158447266,0.3848905563354492,7.070258140563965
151120_CGI002b_CV7107_auto_live_CD1c DCs.fcs,auto,CV7107,CD1c DCs,447,2.845548152923584,2.152106285095215,38.62602233886719,2.2135367393493652,49.98478698730469,39.10468673706055,31.332195281982422,305.9649658203125,2.1031453609466553,75.39788818359375
151120_CGI002b_CV7107_auto_live_CD4 T cells.fcs,auto,CV7107,CD4 T cells,13798,0.7129727900028229,0.0,8.902307987213135,0.9067730009555817,18.18138599395752,10.019970893859863,12.811610698699951,89.87943267822266,3.0977745056152344,3.3840469121932983
151120_CGI002b_CV7107_auto_live_CD8 T cells.fcs,auto,CV7107,CD8 T cells,9235,0.35092055797576904,0.0,8.383774757385254,0.0,18.224475860595703,10.246257781982422,9.416610717773438,103.33648681640625,2.6235852241516113,5.297235012054443
151120_CGI002b_CV7107_auto_live_NK cells.fcs,auto,CV7107,NK cells,9338,0.6883635818958282,0.0,6.18796181678772,0.33889153599739075,16.04895305633545,22.456168174743652,4.563156366348267,69.91952896118164,0.0,1.3873454928398132
151120_CGI002b_CV7107_auto_live_NKT cells.fcs,auto,CV7107,NKT cells,4812,0.5292062163352966,0.0,6.157015323638916,0.5868439674377441,14.745843410491943,16.78752613067627,5.400259494781494,76.21721649169922,2.613649368286133,2.329731583595276
151120_CGI002b_CV7107_auto_live_Total.fcs,auto,CV7107,Total,54176,1.0167983770370483,0.0,9.363720893859863,1.1940279006958008,20.875115394592285,14.809875011444092,6.683542728424072,95.7049331665039,1.5605802536010742,4.792020797729492
151120_CGI002b_CV7107_auto_live_pDCs.fcs,auto,CV7107,pDCs,94,1.76657372713089,3.8016330003738403,25.82801342010498,1.8563759326934814,51.27511024475098,35.29841423034668,12.59147024154663,150.9221954345703,0.25574296712875366,50.59758758544922
151120_CGI002b_CV7107_healthy_live_B cells.fcs,healthy,CV7107,B cells,15592,0.6007556915283203,0.0,7.572477102279663,2.338510036468506,25.876904487609863,13.074779987335205,0.834221214056015,56.79241752624512,0.0,9.829736232757568
151120_CGI002b_CV7107_healthy_live_Basophils.fcs,healthy,CV7107,Basophils,239,0.7869166731834412,1.0472538471221924,27.180587768554688,1.0197691917419434,12.41628646850586,0.0,0.0,149.82388305664062,1.4457669258117676,14.157450675964355
151120_CGI002b_CV7107_healthy_live_CD14 monocytes.fcs,healthy,CV7107,CD14 monocytes,12822,5.501583576202393,3.607627034187317,34.09355545043945,4.920506000518799,45.359710693359375,39.18535041809082,9.12859582901001,245.5564727783203,2.2017531394958496,12.515233039855957
151120_CGI002b_CV7107_healthy_live_CD16 monocytes.fcs,healthy,CV7107,CD16 monocytes,1091,7.7041096687316895,7.973755836486816,22.42694854736328,6.187246799468994,37.30879211425781,130.8291778564453,7.483574867248535,169.08460998535156,0.6530104279518127,6.1768012046813965
151120_CGI002b_CV7107_healthy_live_CD1c DCs.fcs,healthy,CV7107,CD1c DCs,891,3.195152521133423,2.2279810905456543,30.25542449951172,1.9162291288375854,46.836204528808594,39.80010986328125,29.641956329345703,287.77825927734375,1.760184645652771,55.75453567504883
151120_CGI002b_CV7107_healthy_live_CD4 T cells.fcs,healthy,CV7107,CD4 T cells,37762,0.6628174483776093,0.0,7.558516263961792,0.9157977998256683,16.673120498657227,10.664378643035889,12.472695350646973,74.56365585327148,2.9867875576019287,3.077635407447815
151120_CGI002b_CV7107_healthy_live_CD8 T cells.fcs,healthy,CV7107,CD8 T cells,22307,0.37064990401268005,0.0,7.478046417236328,0.0,18.04477310180664,11.195124626159668,9.313542366027832,94.7182388305664,2.465670108795166,4.518601894378662
151120_CGI002b_CV7107_healthy_live_NK cells.fcs,healthy,CV7107,NK cells,18965,0.7827935218811035,0.0,5.947576999664307,0.29392871260643005,16.348690032958984,24.599294662475586,4.489055156707764,63.00481033325195,0.0,1.3442292213439941
151120_CGI002b_CV7107_healthy_live_NKT cells.fcs,healthy,CV7107,NKT cells,10226,0.6173270046710968,0.0,6.0679931640625,0.5970690846443176,15.243205070495605,17.395246505737305,5.356897354125977,69.03577041625977,2.4571971893310547,2.1490405797958374
151120_CGI002b_CV7107_healthy_live_Total.fcs,healthy,CV7107,Total,122099,0.9802786111831665,0.0,8.382615089416504,1.1346608400344849,19.964929580688477,14.871685028076172,7.20939826965332,82.06480407714844,1.6841334104537964,4.17872428894043
151120_CGI002b_CV7107_healthy_live_pDCs.fcs,healthy,CV7107,pDCs,171,1.7869526147842407,3.305894374847412,21.96649932861328,1.641316533088684,49.0212516784668,23.258329391479492,8.739316940307617,193.05674743652344,0.34099292755126953,66.33316802978516
151120_CGI002b_CV7110_auto_live_B cells.fcs,auto,CV7110,B cells,2647,1.6094579696655273,0.0,10.370013236999512,1.9289990663528442,30.28260612487793,23.865726470947266,1.7009788751602173,80.71109771728516,0.0,12.285615921020508
151120_CGI002b_CV7110_auto_live_Basophils.fcs,auto,CV7110,Basophils,251,1.2905809879302979,4.031268119812012,40.52748107910156,0.713600218296051,16.640108108520508,0.06540883332490921,0.7730615735054016,133.47035217285156,2.5162856578826904,11.347588539123535
151120_CGI002b_CV7110_auto_live_CD14 monocytes.fcs,auto,CV7110,CD14 monocytes,7997,4.568216323852539,3.0402402877807617,38.40612030029297,5.106515407562256,47.400569915771484,35.07184982299805,11.135239601135254,279.2455139160156,2.396519422531128,19.624494552612305
151120_CGI002b_CV7110_auto_live_CD16 monocytes.fcs,auto,CV7110,CD16 monocytes,221,4.800162315368652,3.801992654800415,20.838817596435547,4.150057315826416,37.788631439208984,66.34480285644531,8.766127586364746,157.48388671875,0.7363577485084534,7.280556678771973
151120_CGI002b_CV7110_auto_live_CD1c DCs.fcs,auto,CV7110,CD1c DCs,309,3.3213038444519043,1.9394173622131348,31.986604690551758,2.9586241245269775,56.6680793762207,44.21540069580078,39.06626892089844,309.6605224609375,2.3732943534851074,67.03794860839844
151120_CGI002b_CV7110_auto_live_CD4 T cells.fcs,auto,CV7110,CD4 T cells,14736,0.5019804537296295,0.0,8.47007703781128,0.5798464119434357,19.821815490722656,11.403716087341309,12.064131736755371,78.40231323242188,2.888643264770508,2.226719617843628
151120_CGI002b_CV7110_auto_live_CD8 T cells.fcs,auto,CV7110,CD8 T cells,8657,0.24388431012630463,0.0,9.0798978805542,0.0008848144207149744,20.48368263244629,13.412148475646973,10.36751651763916,84.03990173339844,2.497143507003784,2.606609582901001
151120_CGI002b_CV7110_auto_live_NK cells.fcs,auto,CV7110,NK cells,7693,1.1219112873077393,0.0,8.727458953857422,0.36684107780456543,27.847843170166016,33.71706008911133,5.915947437286377,86.34305572509766,0.37747833132743835,1.3087047338485718
151120_CGI002b_CV7110_auto_live_NKT cells.fcs,auto,CV7110,NKT cells,4259,0.7373107671737671,0.0,7.195694446563721,0.6184619069099426,20.974700927734375,30.487030029296875,2.68558931350708,61.179954528808594,3.003746747970581,0.4866526424884796
151120_CGI002b_CV7110_auto_live_Total.fcs,auto,CV7110,Total,47743,1.1468164920806885,0.0,10.74405574798584,1.0855791568756104,25.339670181274414,19.27805519104004,8.008708000183105,94.13274383544922,2.025995969772339,3.40860652923584
151120_CGI002b_CV7110_auto_live_pDCs.fcs,auto,CV7110,pDCs,218,1.1925424337387085,2.5611155033111572,23.072093963623047,1.7627587914466858,53.78175926208496,25.69329833984375,8.458731651306152,119.97757720947266,0.21316003799438477,129.74105834960938
151120_CGI002b_CV7110_healthy_live_B cells.fcs,healthy,CV7110,B cells,2236,1.4339871406555176,0.04434245452284813,9.944018363952637,2.211063265800476,30.815463066101074,25.90337085723877,1.2537651658058167,69.9969711303711,0.0,13.485441207885742
151120_CGI002b_CV7110_healthy_live_Basophils.fcs,healthy,CV7110,Basophils,199,0.0,3.552114963531494,53.773658752441406,1.374402403831482,17.390769958496094,0.0,0.0249076709151268,111.38078308105469,1.7709695100784302,9.795272827148438
151120_CGI002b_CV7110_healthy_live_CD14 monocytes.fcs,healthy,CV7110,CD14 monocytes,6156,4.644275426864624,3.251537561416626,41.88330268859863,5.122856140136719,46.18739318847656,41.50543785095215,10.565760135650635,263.8221435546875,2.04114830493927,13.929296493530273
151120_CGI002b_CV7110_healthy_live_CD16 monocytes.fcs,healthy,CV7110,CD16 monocytes,128,6.848943710327148,6.282257556915283,24.259766578674316,5.584288120269775,36.810001373291016,111.4382209777832,8.383678436279297,171.2744140625,0.6791593134403229,7.86513876914978
151120_CGI002b_CV7110_healthy_live_CD1c DCs.fcs,healthy,CV7110,CD1c DCs,309,3.472459077835083,1.30231773853302,30.868459701538086,2.580299139022827,51.012542724609375,53.0157470703125,36.47568130493164,282.0291442871094,1.4081718921661377,47.83478546142578
151120_CGI002b_CV7110_healthy_live_CD4 T cells.fcs,healthy,CV7110,CD4 T cells,17289,0.6683950424194336,0.0,8.534521102905273,0.8407942056655884,19.965377807617188,12.144512176513672,12.04317855834961,75.51582336425781,2.6536357402801514,2.085066318511963
151120_CGI002b_CV7110_healthy_live_CD8 T cells.fcs,healthy,CV7110,CD8 T cells,8531,0.6036692261695862,0.0,8.83441162109375,0.2201869636774063,20.648223876953125,14.582432746887207,11.129733085632324,85.47164154052734,2.226264238357544,2.486593246459961
151120_CGI002b_CV7110_healthy_live_NK cells.fcs,healthy,CV7110,NK cells,6912,1.3863033056259155,0.052164604887366295,9.089592456817627,0.6769776940345764,26.853057861328125,37.346872329711914,5.681220769882202,89.59869003295898,0.28392963111400604,1.5657784938812256
151120_CGI002b_CV7110_healthy_live_NKT cells.fcs,healthy,CV7110,NKT cells,4204,1.1366623044013977,0.0,7.383318901062012,0.8639505803585052,21.59661102294922,35.657833099365234,3.179497480392456,63.7578067779541,3.010329008102417,0.7644221186637878
151120_CGI002b_CV7110_healthy_live_Total.fcs,healthy,CV7110,Total,46789,1.2163630723953247,0.0,10.352261543273926,1.1751885414123535,24.246826171875,20.05937957763672,8.32205867767334,89.55170440673828,1.9401330947875977,2.968026638031006
151120_CGI002b_CV7110_healthy_live_pDCs.fcs,healthy,CV7110,pDCs,172,1.5009901523590088,2.294339418411255,22.379488945007324,1.6577683687210083,47.478166580200195,29.36308193206787,7.597762823104858,137.8493194580078,0.47411075234413147,104.51722717285156
151120_CGI002b_CV7111_auto_live_B cells.fcs,auto,CV7111,B cells,766,1.105215311050415,0.42363062500953674,12.343474388122559,1.983213484287262,29.671286582946777,14.271897315979004,2.7722866535186768,89.67013549804688,0.4936809688806534,9.14686632156372
151120_CGI002b_CV7111_auto_live_Basophils.fcs,auto,CV7111,Basophils,36,1.08781898021698,3.371532678604126,5.9239959716796875,0.6929191797971725,1.8674858212471008,0.0,0.7597570717334747,105.50610733032227,1.3787269592285156,7.540300369262695
151120_CGI002b_CV7111_auto_live_CD14 monocytes.fcs,auto,CV7111,CD14 monocytes,5377,2.8259003162384033,3.460040330886841,65.17535400390625,3.9761922359466553,59.71696853637695,18.54450798034668,1.7747985124588013,282.5621032714844,3.4176132678985596,27.706172943115234
151120_CGI002b_CV7111_auto_live_CD16 monocytes.fcs,auto,CV7111,CD16 monocytes,708,6.548262357711792,9.418179512023926,19.079834938049316,6.745785236358643,36.151262283325195,148.83455657958984,5.376051902770996,160.99322509765625,0.5706529319286346,6.475751638412476
151120_CGI002b_CV7111_auto_live_CD1c DCs.fcs,auto,CV7111,CD1c DCs,169,2.7177369594573975,2.936149835586548,44.928428649902344,2.7440757751464844,66.09844970703125,43.26061248779297,13.911016464233398,457.7976989746094,2.641667366027832,112.22088623046875
151120_CGI002b_CV7111_auto_live_CD4 T cells.fcs,auto,CV7111,CD4 T cells,10525,1.3099007606506348,0.2138674110174179,7.083284854888916,1.293877124786377,21.211410522460938,16.92177391052246,9.421192169189453,75.64521789550781,4.338078022003174,1.6519697904586792
151120_CGI002b_CV7111_auto_live_CD8 T cells.fcs,auto,CV7111,CD8 T cells,2269,1.100289225578308,0.0,9.126703262329102,0.39028826355934143,27.514572143554688,18.834598541259766,5.514112949371338,117.10026550292969,3.0337276458740234,4.627726078033447
151120_CGI002b_CV7111_auto_live_NK cells.fcs,auto,CV7111,NK cells,8903,1.9158861637115479,0.448158323764801,10.981518745422363,0.8989347815513611,33.20663833618164,38.55257034301758,6.793618679046631,118.47320556640625,1.200205683708191,2.8451485633850098
151120_CGI002b_CV7111_auto_live_NKT cells.fcs,auto,CV7111,NKT cells,4445,1.1637611389160156,0.21127846837043762,7.369211673736572,0.9855874180793762,24.922746658325195,30.478025436401367,4.499049186706543,90.30004119873047,3.504246711730957,2.4309847354888916
151120_CGI002b_CV7111_auto_live_Total.fcs,auto,CV7111,Total,36776,1.6320812702178955,0.8902426064014435,11.99538516998291,1.5502896308898926,29.73330593109131,22.22111415863037,5.074687242507935,114.73848342895508,2.6879385709762573,4.32431173324585
151120_CGI002b_CV7111_auto_live_pDCs.fcs,auto,CV7111,pDCs,273,2.119363784790039,4.341651916503906,29.5599308013916,2.6693925857543945,61.45706558227539,38.038551330566406,2.145012617111206,282.34429931640625,2.204674243927002,74.95816040039062
151120_CGI002b_CV7111_healthy_live_B cells.fcs,healthy,CV7111,B cells,900,0.9167645275592804,0.24648897349834442,13.662757396697998,1.7998000979423523,29.55146312713623,13.206648349761963,2.1904414892196655,75.21660232543945,0.04749326407909393,8.01892352104187
151120_CGI002b_CV7111_healthy_live_Basophils.fcs,healthy,CV7111,Basophils,58,0.5009913593530655,1.76179701089859,11.643723487854004,0.9357720911502838,1.3287550806999207,0.0,1.979040503501892,107.41926193237305,2.055907428264618,9.512256622314453
151120_CGI002b_CV7111_healthy_live_CD14 monocytes.fcs,healthy,CV7111,CD14 monocytes,7180,2.8345401287078857,3.635666251182556,58.29793739318848,3.944167137145996,54.02377510070801,21.058635711669922,1.8561714887619019,258.0563049316406,2.612585425376892,20.212881088256836
151120_CGI002b_CV7111_healthy_live_CD16 monocytes.fcs,healthy,CV7111,CD16 monocytes,806,5.288402795791626,6.93498682975769,18.958003044128418,5.640589952468872,34.476810455322266,106.9699592590332,5.226072072982788,134.00495147705078,0.4613513648509979,5.3476526737213135
151120_CGI002b_CV7111_healthy_live_CD1c DCs.fcs,healthy,CV7111,CD1c DCs,237,2.1623969078063965,2.3419206142425537,41.37725067138672,2.3554046154022217,60.5793571472168,33.34832000732422,12.897195816040039,420.967041015625,1.5802555084228516,67.3569107055664
151120_CGI002b_CV7111_healthy_live_CD4 T cells.fcs,healthy,CV7111,CD4 T cells,13603,1.4527337551116943,0.06430532038211823,7.551572799682617,1.4340124130249023,20.70140266418457,15.094694137573242,9.056926727294922,63.808101654052734,4.023792743682861,1.3014415502548218
151120_CGI002b_CV7111_healthy_live_CD8 T cells.fcs,healthy,CV7111,CD8 T cells,2808,1.1322351098060608,0.0,9.286428928375244,0.4922214597463608,25.903313636779785,16.82936954498291,5.257088661193848,107.39773941040039,3.0611401796340942,3.535749912261963
151120_CGI002b_CV7111_healthy_live_NK cells.fcs,healthy,CV7111,NK cells,10525,1.6518465280532837,0.22024601697921753,11.679242134094238,0.928026556968689,31.645122528076172,32.699440002441406,6.285948276519775,116.88546752929688,1.0045747756958008,2.8069279193878174
151120_CGI002b_CV7111_healthy_live_NKT cells.fcs,healthy,CV7111,NKT cells,5371,1.1275948286056519,0.053727246820926666,8.115503311157227,0.921985387802124,24.096677780151367,26.57135772705078,4.458676338195801,87.4320297241211,3.3707995414733887,2.2256815433502197
151120_CGI002b_CV7111_healthy_live_Total.fcs,healthy,CV7111,Total,46478,1.6065964102745056,0.837174117565155,12.821920394897461,1.637201964855194,28.717567443847656,20.249072074890137,4.757640600204468,109.42089080810547,2.450475335121155,3.9736204147338867
151120_CGI002b_CV7111_healthy_live_pDCs.fcs,healthy,CV7111,pDCs,282,1.6773810386657715,4.723684787750244,28.53108501434326,2.4693939685821533,62.29689407348633,34.769235610961914,2.5976465940475464,252.06153106689453,2.2156944274902344,80.6081771850586
151120_CGI002b_IFNa_live_B cells.fcs,IFNa,IFNa,B cells,2709,1.343010425567627,3.0185117721557617,9.58690071105957,2.4676241874694824,31.30588722229004,13.629594802856445,2.231156826019287,107.8019027709961,0.0,19.968570709228516
151120_CGI002b_IFNa_live_Basophils.fcs,IFNa,IFNa,Basophils,140,1.6984550952911377,2.42801833152771,7.199928522109985,1.403422474861145,1.7105985879898071,0.0,2.857247471809387,147.7930450439453,0.16601300239562988,11.603213787078857
151120_CGI002b_IFNa_live_CD14 monocytes.fcs,IFNa,IFNa,CD14 monocytes,10933,4.602588176727295,12.970648765563965,27.422346115112305,7.181669235229492,41.42190933227539,30.771726608276367,11.93791675567627,203.2093963623047,0.9592248797416687,9.340168952941895
151120_CGI002b_IFNa_live_CD16 monocytes.fcs,IFNa,IFNa,CD16 monocytes,1618,4.7745747566223145,12.978809356689453,15.847099781036377,4.757549285888672,34.358572006225586,68.32251739501953,9.883305549621582,152.33832550048828,0.0,10.513072967529297
151120_CGI002b_IFNa_live_CD1c DCs.fcs,IFNa,IFNa,CD1c DCs,728,3.7952789068222046,13.182860374450684,26.739282608032227,4.53547477722168,51.78810119628906,41.07258415222168,37.52345657348633,281.1129150390625,0.8200628459453583,131.65277099609375
151120_CGI002b_IFNa_live_CD4 T cells.fcs,IFNa,IFNa,CD4 T cells,26782,1.9237199425697327,4.330699443817139,8.428630828857422,2.196532368659973,18.871723175048828,18.466416358947754,12.653925895690918,84.3266372680664,2.4311612844467163,4.315476417541504
151120_CGI002b_IFNa_live_CD8 T cells.fcs,IFNa,IFNa,CD8 T cells,31773,1.2032222747802734,2.5851340293884277,7.7096686363220215,1.3033115863800049,22.662263870239258,21.11971092224121,9.923127174377441,108.55989837646484,2.1712872982025146,5.101994514465332
151120_CGI002b_IFNa_live_NK cells.fcs,IFNa,IFNa,NK cells,16084,2.0203981399536133,3.9014729261398315,7.585805177688599,1.7056296467781067,25.137571334838867,52.503318786621094,8.570586204528809,125.96774673461914,0.0,3.866343140602112
151120_CGI002b_IFNa_live_NKT cells.fcs,IFNa,IFNa,NKT cells,26233,1.1808552742004395,1.952095627784729,6.887101650238037,1.4847288131713867,20.35329246520996,31.578479766845703,8.222150802612305,82.32777404785156,2.358537435531616,2.6182892322540283
151120_CGI002b_IFNa_live_Total.fcs,IFNa,IFNa,Total,118190,1.7402875423431396,3.5807886123657227,8.736546516418457,1.999805510044098,23.178415298461914,25.567520141601562,9.764901161193848,103.53314208984375,1.698086440563202,4.664578437805176
151120_CGI002b_IFNa_live_pDCs.fcs,IFNa,IFNa,pDCs,298,2.6878780126571655,25.382390022277832,17.31657123565674,4.221527814865112,50.382110595703125,35.27414894104004,11.841712951660156,175.89342498779297,0.7691594362258911,203.37567138671875
151120_CGI002b_PMA_live_B cells.fcs,PMA,PMA,B cells,1844,0.7979988157749176,0.0,28.383865356445312,1.596257507801056,56.19952964782715,17.12408447265625,1.2569417357444763,274.6516418457031,26.601173400878906,105.50215148925781
151120_CGI002b_PMA_live_Basophils.fcs,PMA,PMA,Basophils,88,0.8174973726272583,1.5164670944213867,5.900907516479492,0.7723097205162048,1.6715919375419617,0.0,3.6052544116973877,147.0698013305664,0.5583290606737137,12.387362480163574
151120_CGI002b_PMA_live_CD14 monocytes.fcs,PMA,PMA,CD14 monocytes,3052,2.732143998146057,4.602219820022583,105.28181457519531,5.205506086349487,107.40639877319336,16.344425201416016,11.127856254577637,526.5723266601562,49.690242767333984,111.93144607543945
151120_CGI002b_PMA_live_CD16 monocytes.fcs,PMA,PMA,CD16 monocytes,687,4.438784122467041,6.34420919418335,47.04317855834961,5.16952657699585,95.30445861816406,92.94174194335938,8.509620666503906,527.4984741210938,72.53018951416016,138.20431518554688
151120_CGI002b_PMA_live_CD1c DCs.fcs,PMA,PMA,CD1c DCs,236,2.729078769683838,2.086382269859314,66.5781478881836,2.966373562812805,112.3095474243164,45.465532302856445,40.31831359863281,708.6163940429688,58.06793022155762,520.2040405273438
151120_CGI002b_PMA_live_CD4 T cells.fcs,PMA,PMA,CD4 T cells,16611,0.7950146794319153,0.3964660167694092,27.058704376220703,0.8711686134338379,44.81842041015625,15.888040542602539,8.968608856201172,206.08053588867188,32.04667663574219,107.41768646240234
151120_CGI002b_PMA_live_CD8 T cells.fcs,PMA,PMA,CD8 T cells,19772,0.5817084908485413,0.16962376236915588,25.698226928710938,0.37603767216205597,46.07840919494629,17.88992691040039,6.479485511779785,206.68509674072266,27.946043968200684,82.00415420532227
151120_CGI002b_PMA_live_NK cells.fcs,PMA,PMA,NK cells,11557,1.8242686986923218,0.6132467985153198,14.250534057617188,0.7812528610229492,37.803916931152344,45.12510681152344,7.815792560577393,232.931396484375,21.365615844726562,54.22058868408203
151120_CGI002b_PMA_live_NKT cells.fcs,PMA,PMA,NKT cells,18441,0.9614600539207458,0.37915077805519104,18.558076858520508,0.9211047887802124,37.81694793701172,26.39942741394043,6.580655097961426,175.9705352783203,23.885944366455078,54.950782775878906
151120_CGI002b_PMA_live_Total.fcs,PMA,PMA,Total,73005,1.0276187658309937,0.49151790142059326,22.73451042175293,0.9024880528450012,42.92108154296875,21.640239715576172,7.1846513748168945,207.95333862304688,26.99559783935547,71.70201110839844
151120_CGI002b_PMA_live_pDCs.fcs,PMA,PMA,pDCs,62,2.160111665725708,3.971267819404602,26.817204475402832,1.2313977479934692,58.5009880065918,42.118173599243164,9.512996673583984,416.25096130371094,3.500913143157959,359.6310729980469
