Experiment,Individuals,SampleType,pSTAT5,pSTAT1,pp38,pSTAT3,pMAPKAP2,pPLCg2,IkBa,pCREB,pERK1/2,pS6
160217,CV7004,B cells,5.43766188621521,0.433804959058761,2.57662868499755,2.59764313697814,34.8057308197021,19.7925853729248,6.42063188552856,157.522506713867,0,22.6954917907714
160217,CV7004,Basophils,8.38687992095947,1.93306040763854,1.5092214345932,1.14787316322326,7.68430423736572,1.26394867897033,7.87408256530761,63.177505493164,1.64174997806549,11.4303264617919
160217,CV7004,CD14 monocytes,24.8004093170166,5.9699912071228,11.7866640090942,7.87218046188354,54.5250282287597,34.2705192565918,22.7973728179931,354.715179443359,5.3474702835083,41.6231956481933
160217,CV7004,CD16 monocytes,19.0442485809326,6.88332056999206,4.78415274620056,5.77959299087524,37.1205024719238,65.6246490478515,9.78580522537231,188.932144165039,0.317631050944328,16.756287574768
160217,CV7004,CD1c DCs,14.9435029029846,5.05694961547851,16.7990322113037,4.42086553573608,58.2157974243164,42.510305404663,48.6756610870361,410.690734863281,6.77322244644165,87.4208183288574
160217,CV7004,CD4 T cells,5.76076030731201,0.231247194111347,1.10595273971557,2.40397977828979,26.6110572814941,12.2839531898498,30.8933162689209,134.496955871582,2.00908911228179,10.5693035125732
160217,CV7004,CD8 T cells,6.24287915229797,0.176906801760196,1.83092367649078,1.1839707493782,29.7833890914917,18.1010198593139,37.2373523712158,141.6216506958,1.37825989723205,11.4806580543518
160217,CV7004,NK cells,7.00696086883544,1.01321399211883,5.06523990631103,0.588284075260162,29.7584781646728,34.9306907653808,5.03162765502929,136.271331787109,0.646129190921783,10.6435060501098
160217,CV7004,NKT cells,5.8839144706726,0.225427269935607,0.37015476822853,0.541419804096221,16.0828952789306,26.7910442352294,4.17186546325683,63.1496505737304,0,4.30371618270874
160217,CV7004,pDCs,9.98536491394043,4.43925094604492,5.05607891082763,2.2248408794403,45.8495063781738,39.8075714111328,21.6285781860351,277.967712402343,0.443012475967407,45.8826522827148
160217,CV7007,B cells,5.53708410263061,0.324007019400596,2.19669771194458,2.46348440647125,35.1878147125244,18.3130054473876,6.22751498222351,160.458938598632,0,22.2208795547485
160217,CV7007,Basophils,7.82165718078613,1.60189867019653,1.68399655818939,0.812302947044372,8.23552513122558,0.282818242907524,7.83218741416931,55.5036926269531,1.10213136672973,10.3696155548095
160217,CV7007,CD14 monocytes,24.8472118377685,5.56641769409179,12.127721786499,7.1109070777893,55.2915458679199,29.4984683990478,20.1070556640625,362.322143554687,5.2540111541748,38.0049743652343
160217,CV7007,CD16 monocytes,18.9468765258789,6.20852136611938,4.95272874832153,5.53847122192382,39.9759674072265,63.3503799438476,10.3278646469116,208.800201416015,0.713868200778961,16.9177227020263
160217,CV7007,CD1c DCs,15.1185674667358,4.34187316894531,16.0468406677246,3.88018655776977,57.0243225097656,37.5981521606445,45.4791412353515,414.932922363281,5.64411783218383,75.5990447998046
160217,CV7007,CD4 T cells,5.63743925094604,0.295498549938201,1.18134069442749,2.36866736412048,29.1777057647705,12.1654796600341,31.0235786437988,148.825622558593,2.05357456207275,10.1398372650146
160217,CV7007,CD8 T cells,6.35891127586364,0.228771038353443,1.74284344911575,1.19000077247619,31.8181400299072,18.3442945480346,37.2568607330322,156.064514160156,1.36065977811813,11.49116897583
160217,CV7007,NK cells,6.45043087005615,0.812650918960571,5.5452561378479,0.536929428577423,30.2908363342285,32.4564514160156,4.81323051452636,143.471298217773,0.607804894447326,10.4230394363403
160217,CV7007,NKT cells,5.68422651290893,0,0.399527996778488,0,16.9876956939697,25.0425205230712,3.63686442375183,69.6646423339843,0,4.62083768844604
160217,CV7007,pDCs,9.63236904144287,4.36381244659423,5.41140556335449,2.57774376869201,46.7542457580566,34.0685005187988,23.4756660461425,303.427062988281,0.648711919784545,47.4739570617675
160217,CV7009,B cells,5.39324641227722,0.763308197259903,2.21053111553192,2.76991140842437,37.4352359771728,22.9880228042602,6.33900237083435,177.892593383789,0,25.775592803955
160217,CV7009,Basophils,8.78789472579956,1.90088105201721,1.21586751937866,0.361064910888671,8.98107957839965,1.47429871559143,9.09442472457885,62.2720603942871,1.2618840932846,11.0179424285888
160217,CV7009,CD14 monocytes,24.7838315963745,6.77083563804626,11.0598983764648,8.15338897705078,55.037254333496,39.1434879302978,21.902847290039,368.87336730957,4.21029758453369,39.9622268676757
160217,CV7009,CD16 monocytes,20.0389566421508,8.58355331420898,4.41196107864379,6.70160579681396,41.3574047088623,78.7690734863281,10.497275352478,219.708129882812,0.473801344633102,19.3430566787719
160217,CV7009,CD1c DCs,15.453833580017,6.13590145111084,15.7248373031616,4.44132208824157,59.6037769317626,49.4381771087646,50.3608417510986,445.481521606445,4.39348864555358,77.264232635498
160217,CV7009,CD4 T cells,6.05999040603637,0.69599562883377,0.995204150676727,2.67537236213684,30.0195255279541,15.5653867721557,32.3681106567382,155.292327880859,2.03932118415832,12.4877443313598
160217,CV7009,CD8 T cells,6.73032665252685,0.717231750488281,1.71775162220001,1.32357156276702,33.1366729736328,21.7782955169677,39.7895622253418,163.91943359375,1.29284942150115,14.250054359436
160217,CV7009,NK cells,7.89396858215332,1.35454058647155,4.9696135520935,0.62959086894989,32.8188934326171,41.6477394104003,5.92031478881835,159.228149414062,0.855547487735748,12.3853616714477
160217,CV7009,NKT cells,6.05321979522705,0.457173764705657,0.174808070063591,0.299179047346115,16.0075817108154,30.6951637268066,4.86419868469238,74.9184799194336,0,7.17395067214965
160217,CV7009,pDCs,9.17926406860351,4.12267017364501,4.48758220672607,2.37606310844421,47.220287322998,40.0638618469238,18.7767028808593,312.435409545898,0.632413655519485,57.6119518280029
160217,CV7012,B cells,6.52541351318359,0.419904857873916,1.85954904556274,2.86998605728149,34.9966697692871,20.1519985198974,5.92514276504516,139.175460815429,0,21.0485897064209
160217,CV7012,Basophils,7.03802824020385,1.65017592906951,0.540548503398895,0.451534807682037,6.93422269821167,0.721740782260894,6.63581800460815,48.6036415100097,1.0929901599884,9.64445495605468
160217,CV7012,CD14 monocytes,21.9844741821289,4.65381741523742,8.20841264724731,7.26624035835266,48.7758693695068,27.3998622894287,18.1104946136474,301.966934204101,2.68674421310424,28.6373805999755
160217,CV7012,CD16 monocytes,20.3754320144653,7.99538540840148,4.16339540481567,6.30245351791381,38.7703227996826,69.6590805053711,10.2125654220581,205.279197692871,0.127964965999126,17.5718002319335
160217,CV7012,CD1c DCs,15.163423538208,4.60704660415649,9.26509618759155,4.45318031311035,50.0611133575439,45.4874267578125,44.2561416625976,350.587646484375,2.03123664855957,43.478609085083
160217,CV7012,CD4 T cells,5.76339197158813,0.374296128749847,0.892509996891021,2.62288188934326,29.4507465362548,12.397530555725,29.9650650024414,135.87353515625,2.21938896179199,9.11597633361816
160217,CV7012,CD8 T cells,6.37651109695434,0.400226116180419,1.30848884582519,1.3088936805725,31.9159069061279,19.0384502410888,35.8459701538085,141.128295898437,1.60745894908905,9.85551738739013
160217,CV7012,NK cells,6.91975569725036,0.809324353933334,4.69577717781066,0.599204748868942,30.0952758789062,32.2593212127685,4.99042415618896,133.475814819335,0.582595378160476,10.6863121986389
160217,CV7012,NKT cells,5.87535333633422,0,0.463846936821937,0.210121825337409,15.2389855384826,27.9146318435668,4.38348627090454,65.3917160034179,0.0819554217159748,5.76105499267578
160217,CV7012,pDCs,10.0042295455932,5.24141454696655,4.5622010231018,2.12662744522094,46.5895881652832,34.6618270874023,18.8735618591308,266.573669433593,0.820741593837738,42.8118324279785
160217,CV7013,B cells,5.67425107955932,0.240184888243675,2.40145564079284,2.67082440853118,37.272008895874,18.0050926208496,6.16778326034545,176.067817687988,0,23.3375806808471
160217,CV7013,Basophils,5.98227977752685,2.12376713752746,1.08132898807525,0.337722569704055,7.1926999092102,0.734553813934326,7.43191337585449,57.596450805664,1.01117146015167,10.172306060791
160217,CV7013,CD14 monocytes,20.3866386413574,4.06349325180053,8.40427589416503,6.93599557876586,45.8215141296386,26.0959014892578,18.6140098571777,295.354034423828,2.01235890388488,25.2611370086669
160217,CV7013,CD16 monocytes,19.5678901672363,7.90111780166626,3.89973878860473,5.91297483444213,37.211196899414,63.6463584899902,9.94460868835449,211.696990966796,0.341459691524505,16.1082210540771
160217,CV7013,CD1c DCs,14.0282135009765,4.33181953430175,9.72178554534912,4.18183183670043,46.206859588623,40.8077850341796,43.8182411193847,362.432159423828,1.65524196624755,46.3059043884277
160217,CV7013,CD4 T cells,5.45671916007995,0.212439149618148,1.40972471237182,2.51195955276489,30.5270147323608,12.0622591972351,29.5658254623413,152.713768005371,2.3110624551773,9.9385290145874
160217,CV7013,CD8 T cells,6.09775876998901,0.310147285461425,2.21375656127929,1.21466743946075,32.868049621582,18.9624938964843,34.9450569152832,162.211791992187,1.68204152584075,11.3486051559448
160217,CV7013,NK cells,6.75563144683837,0.601408839225769,4.952232837677,0.542217224836349,30.8840808868408,31.3493299484252,5.2890875339508,149.987083435058,0.574709683656692,12.6535606384277
160217,CV7013,NKT cells,5.47607803344726,0.135452788323164,0.260918840765953,0.525138795375824,17.3715343475341,22.7963771820068,4.40963101387023,74.0327339172363,0,7.1824791431427
160217,CV7013,pDCs,10.3430981636047,4.22600984573364,4.93145418167114,2.08250105381011,45.2610282897949,29.7841205596923,17.6028289794921,298.369659423828,0.850932389497757,39.378433227539
160217,CV7015,B cells,5.36116695404052,0.560132712125778,2.55083894729614,2.69857621192932,32.9359798431396,19.8184337615966,5.56735491752624,167.828750610351,0,24.0809230804443
160217,CV7015,Basophils,8.26050949096679,2.72861099243164,1.49411916732788,0.612498521804809,6.85375547409057,2.18448162078857,6.62265872955322,65.0790023803711,1.55159938335418,11.0166120529174
160217,CV7015,CD14 monocytes,24.7002372741699,6.35857677459716,10.7901430130004,8.30788230895996,48.9726448059082,34.9598731994628,20.2538089752197,341.635131835937,4.44954681396484,35.2643661499023
160217,CV7015,CD16 monocytes,21.7222690582275,8.62135410308837,4.47595167160034,6.42197179794311,36.2900047302246,79.0915374755859,10.258843421936,229.000381469726,0.59755128622055,18.8120098114013
160217,CV7015,CD1c DCs,15.3902282714843,5.01672148704528,14.0596265792846,4.21918153762817,51.4872455596923,47.6975555419921,46.946662902832,403.460678100585,3.64600265026092,70.4036750793457
160217,CV7015,CD4 T cells,5.57747793197631,0.400817140936851,1.35343068838119,2.68409299850463,28.8024806976318,12.4295783042907,30.2035131454467,156.678199768066,2.11597573757171,10.6211977005004
160217,CV7015,CD8 T cells,6.28487682342529,0.49454516172409,2.01877093315124,1.37267076969146,30.8497829437255,19.5725841522216,36.0574836730957,165.933166503906,1.53377556800842,12.3786716461181
160217,CV7015,NK cells,6.84147548675537,0.896707952022552,4.68404865264892,0.506910264492034,27.8148880004882,33.353889465332,4.7932071685791,142.575012207031,0.612257421016693,11.097445487976
160217,CV7015,NKT cells,5.56481599807739,0,0.741624116897583,0.752855449914932,15.5733323097229,28.5815963745117,3.45574700832366,71.4855842590332,0,7.36623573303222
160217,CV7015,pDCs,9.72701930999755,4.72864151000976,4.5300498008728,2.01265048980712,42.5948066711425,35.8552742004394,18.6134452819824,305.52685546875,0.805113136768341,44.6061820983886
160217,CV7016,B cells,5.73323631286621,0.400325894355773,2.62834954261779,2.42085218429565,35.8673706054687,18.8718605041503,6.23382496833801,167.061386108398,0,21.5154390335083
160217,CV7016,Basophils,7.3170166015625,1.97971856594085,1.43346214294433,0.898077666759491,7.015061378479,0.541100621223449,7.629976272583,52.4448013305664,0.803674817085266,8.8571720123291
160217,CV7016,CD14 monocytes,23.225938796997,4.63586616516113,8.11735916137695,7.09268426895141,46.5846328735351,30.8446216583251,19.6216030120849,313.460998535156,1.98732328414917,27.1817913055419
160217,CV7016,CD16 monocytes,19.2991285324096,6.60231208801269,4.00407481193542,5.76603698730468,38.9930839538574,66.9477882385253,9.50262355804443,190.382843017578,0.0207931445911526,14.4848666191101
160217,CV7016,CD1c DCs,13.8005399703979,3.92937779426574,12.9308562278747,3.93701887130737,52.7714099884033,40.1768379211425,47.3906440734863,391.994018554687,2.53479969501495,62.6417808532714
160217,CV7016,CD4 T cells,5.10588645935058,0.204901590943336,1.19432044029235,2.15346789360046,27.4536705017089,11.6954860687255,30.7303981781005,141.464233398437,1.86862850189208,9.77080345153808
160217,CV7016,CD8 T cells,5.58309340476989,0.0949496813118457,1.95946502685546,1.09608703851699,30.3819217681884,16.7872800827026,37.4062747955322,150.215988159179,1.15490198135375,10.5665912628173
160217,CV7016,NK cells,6.32194209098815,0.855075299739837,5.90444326400756,0.263369873166084,30.7542924880981,32.5227680206298,4.82430505752563,145.369567871093,0.664634972810745,9.66708803176879
160217,CV7016,NKT cells,4.5924425125122,0,0.495910763740539,0.482977539300918,17.9270610809326,26.0062465667724,4.112069606781,69.6148605346679,0,5.19629764556884
160217,CV7016,pDCs,9.29501628875732,4.03644466400146,5.03461503982543,1.81673061847686,43.9191207885742,32.2892684936523,20.8815402984619,282.634613037109,0.58515328168869,43.1245040893554
160217,CV7017,B cells,5.51105833053588,0.271538764238357,1.83890974521636,2.73955631256103,37.6274299621582,18.0087451934814,6.81496334075927,144.993255615234,0,24.3233585357666
160217,CV7017,Basophils,8.6554274559021,1.79037714004516,1.13926750421524,0.780720442533493,9.00490665435791,1.59280461072921,8.64937257766723,61.2186660766601,1.84270071983337,11.4451489448547
160217,CV7017,CD14 monocytes,24.3415164947509,5.73616766929626,11.3805766105651,7.29728913307189,60.3604526519775,27.7498550415039,20.8478927612304,359.890487670898,5.98854303359985,37.8065547943115
160217,CV7017,CD16 monocytes,19.1303691864013,6.92197084426879,4.17731618881225,4.67372417449951,47.5096969604492,67.6928329467773,10.8499860763549,205.48794555664,0.824792504310607,20.02144241333
160217,CV7017,CD1c DCs,14.136517047882,4.51823186874389,12.4242491722106,3.70587587356567,61.3408298492431,41.1208324432373,51.3778800964355,390.51431274414,4.21601414680481,76.186164855957
160217,CV7017,CD4 T cells,5.82486915588378,0.237482666969299,0.742604196071624,2.41935849189758,29.73655128479,11.8768186569213,33.4341964721679,133.909545898437,2.1607928276062,10.1049499511718
160217,CV7017,CD8 T cells,6.02151155471801,0.069179393351078,1.2933599948883,1.15685832500457,32.4347076416015,17.0353126525878,41.3503608703613,140.531951904296,1.28883624076843,10.8998460769653
160217,CV7017,NK cells,6.94306182861328,0.965256631374359,4.53751230239868,0.377642750740051,33.9495277404785,34.9739036560058,5.98897838592529,140.512557983398,0.780578315258026,10.3185663223266
160217,CV7017,NKT cells,5.59240007400512,0,0.361600220203399,0.642541646957397,19.6246070861816,29.44993019104,4.93709087371826,73.4298324584961,0.186839759349823,5.45173072814941
160217,CV7017,pDCs,8.77119445800781,4.30747747421264,5.11711359024047,2.55923533439636,48.0967292785644,34.9375534057617,20.8127651214599,291.61734008789,0.513910591602325,47.99898147583
160217,CV7019,B cells,7.39413213729858,0.338284879922866,2.65398263931274,2.66215372085571,35.7784080505371,17.9910240173339,6.12558126449585,168.913269042968,0,23.9524478912353
160217,CV7019,Basophils,7.93247485160827,2.23479628562927,1.81756913661956,0.680359572172164,6.82122182846069,0.979833513498306,6.60643362998962,57.3114128112793,1.35764437913894,10.9394364356994
160217,CV7019,CD14 monocytes,23.858470916748,5.22501611709594,13.9748783111572,7.50351285934448,56.3887405395507,25.5083026885986,19.4729652404785,360.354431152343,6.73709440231323,36.1967620849609
160217,CV7019,CD16 monocytes,19.8799438476562,5.10288047790527,4.79249715805053,5.36312103271484,38.9678230285644,48.7216529846191,9.39682435989379,207.979042053222,0.450347825884819,17.8045854568481
160217,CV7019,CD1c DCs,15.4850511550903,4.25179624557495,16.1780319213867,4.02282905578613,58.189525604248,36.725414276123,44.6273345947265,415.771850585937,4.96675157546997,69.9028091430664
160217,CV7019,CD4 T cells,5.96550107002258,0.362351045012474,1.36965984106063,2.60403442382812,30.3804388046264,12.2967076301574,31.2186555862426,158.242408752441,2.37204527854919,10.344470500946
160217,CV7019,CD8 T cells,6.53599309921264,0.303335279226303,2.13085842132568,1.31406092643737,33.1039848327636,18.5002574920654,37.4352531433105,166.98435974121,1.58842158317565,11.2789039611816
160217,CV7019,NK cells,6.88762092590332,0.673673331737518,5.19209146499633,0.548158407211303,31.0588645935058,31.1711883544921,4.86734390258789,146.071075439453,0.737664222717285,10.6900253295898
160217,CV7019,NKT cells,4.79071617126464,0,0.576025187969207,0.379085436463356,16.5161685943603,23.8380489349365,4.47775816917419,64.9780349731445,0.157281979918479,5.03392362594604
160217,CV7019,pDCs,10.0057392120361,4.53430938720703,5.40593814849853,2.22231388092041,45.1451148986816,31.7767314910888,20.703010559082,293.315551757812,0.480506688356399,42.1544914245605
160217,CV7036,B cells,5.27401185035705,0.301287665963172,1.83955919742584,2.59275674819946,38.3878688812255,18.7749109268188,6.60578823089599,151.075325012207,0,25.0929698944091
160217,CV7036,Basophils,9.13313007354736,2.11605715751647,1.07525491714477,1.08315861225128,9.34118175506591,1.20931577682495,9.68406772613525,66.2495651245117,1.55142474174499,11.5365285873413
160217,CV7036,CD14 monocytes,23.2804222106933,5.50580358505249,10.0628128051757,7.4111328125,58.6771659851074,28.9949493408203,20.7607059478759,344.94580078125,4.09743928909301,36.3488273620605
160217,CV7036,CD16 monocytes,18.2279376983642,6.69352197647094,4.23116612434387,5.21253061294555,44.7855892181396,69.4160118103027,10.943058013916,207.37279510498,0.560830891132354,19.1576223373413
160217,CV7036,CD1c DCs,13.1500749588012,4.1003930568695,12.2902817726135,3.68617010116577,58.6618671417236,41.5055866241455,51.8881034851074,390.63427734375,3.38387310504913,80.7125778198242
160217,CV7036,CD4 T cells,5.55462408065795,0.361746340990066,0.739950478076934,2.36112856864929,30.7860584259033,11.8948383331298,33.637092590332,141.180923461914,2.09091591835021,10.5183515548706
160217,CV7036,CD8 T cells,5.76558518409729,0.0953133814036846,1.30529922246932,1.07256054878234,33.7612533569335,17.1189928054809,40.9316730499267,149.450736999511,1.33177316188812,11.6682391166687
160217,CV7036,NK cells,6.9635272026062,1.07893431186676,4.814866065979,0.333283931016922,34.309190750122,35.244213104248,5.98659253120422,147.571235656738,0.810171723365783,11.6569590568542
160217,CV7036,NKT cells,5.57499003410339,0,0.406350851058959,0.205044984817504,19.4943265914917,30.2571372985839,4.71126079559326,75.8877220153808,0,5.69989109039306
160217,CV7036,pDCs,9.33429956436157,4.50426077842712,4.76511812210083,1.86894071102142,47.9378852844238,34.2923870086669,21.4911966323852,288.285247802734,0.749299138784408,50.6333179473876
160217,HD7,B cells,5.79186487197876,0.698831439018249,1.66706037521362,3.17278599739074,39.3751182556152,20.4955329895019,6.4503207206726,139.83055114746,0,22.7223510742187
160217,HD7,Basophils,9.81609630584716,2.8149573802948,0.545377969741821,1.26582765579223,10.9589195251464,1.58894383907318,10.7114477157592,78.0189514160156,1.32244718074798,11.6791925430297
160217,HD7,CD14 monocytes,25.535509109497,5.01361179351806,5.68168878555297,8.10175037384033,54.2188568115234,36.1682357788085,21.820363998413,309.970703125,1.86658585071563,31.5594444274902
160217,HD7,CD16 monocytes,20.7947225570678,7.85831904411315,3.5700352191925,5.77951049804687,46.5891876220703,84.2318878173828,11.314001083374,197.917106628417,0.0918507501482963,16.4035377502441
160217,HD7,CD1c DCs,16.2491645812988,3.80200433731079,5.4255576133728,3.79912376403808,57.1167564392089,47.7486839294433,50.4296035766601,315.529632568359,1.5179408788681,36.9554290771484
160217,HD7,CD4 T cells,5.90648412704467,0.285778731107711,0.705370485782623,2.57181692123413,33.3765983581543,11.7565650939941,33.8451919555664,147.001647949218,2.43547868728637,9.56183528900146
160217,HD7,CD8 T cells,6.56803345680236,0.140715420246124,1.16014355421066,1.2725618481636,36.6371307373046,17.2765350341796,41.5695705413818,155.614021301269,1.73240315914154,10.7513031959533
160217,HD7,NK cells,8.7698802947998,1.32900351285934,4.95380139350891,0.799328088760376,37.7343826293945,36.714464187622,7.0753378868103,164.131568908691,0.985469758510589,13.8757290840148
160217,HD7,NKT cells,7.16430139541626,0.151421576738357,0.338278472423553,0.476032465696334,19.6253337860107,31.4783897399902,6.06706857681274,80.6788330078125,0.289067387580871,7.08707237243652
160217,HD7,pDCs,11.1112437248229,4.89268898963928,4.74150705337524,2.13569915294647,50.6530990600585,36.6557674407959,20.349362373352,310.475860595703,0.297183096408844,46.8331794738769
160217,HD8,B cells,5.341402053833,0.105580747127532,1.86287826299667,2.79705119132995,37.5386486053466,17.7396831512451,6.5580928325653,143.602111816406,0,20.4939031600952
160217,HD8,Basophils,9.02017593383789,1.76613640785217,0.67825973033905,1.12785100936889,8.9487133026123,1.4426577091217,10.014305114746,66.4960098266601,1.24815011024475,10.1470375061035
160217,HD8,CD14 monocytes,23.1556396484375,4.09579944610595,5.79550218582153,7.55120515823364,52.0520401000976,30.281171798706,21.8423652648925,304.630828857421,1.85222899913787,30.1308460235595
160217,HD8,CD16 monocytes,17.8899116516113,5.48801159858703,3.56023859977722,4.85846400260925,43.081090927124,66.6542205810546,11.3412871360778,181.034530639648,0,14.5476870536804
160217,HD8,CD1c DCs,15.0709128379821,2.77356326580047,5.76613759994506,3.49657583236694,52.8216857910156,40.6478939056396,52.7388362884521,297.401809692382,1.01768839359283,36.3594284057617
160217,HD8,CD4 T cells,5.51913475990295,0,0.834054499864578,2.48167431354522,31.594030380249,10.6899709701538,34.0623416900634,142.894859313964,2.39209592342376,8.65114831924438
160217,HD8,CD8 T cells,5.93402671813964,0,1.43717688322067,1.16959768533706,34.6980018615722,15.8078455924987,41.8936004638671,151.54426574707,1.5901231765747,9.69216680526733
160217,HD8,NK cells,7.41423416137695,0.912659287452697,5.43224143981933,0.665624916553497,35.3948097229003,33.7408294677734,6.53462886810302,157.156051635742,0.728931307792663,12.5697793960571
160217,HD8,NKT cells,6.548668384552,0,0.687206476926803,0.374274268746376,19.2174396514892,28.0890197753906,5.96384811401367,76.5960464477539,0.0635398663580417,6.14209866523742
160217,HD8,pDCs,10.8914413452148,4.42584180831909,4.20583724975585,2.0406014919281,50.2251052856445,34.0411758422851,21.7761344909667,311.961486816406,0.568215489387512,53.8923683166503
160217,HD9,B cells,5.38656711578369,0.252259135246276,2.03629851341247,2.88546252250671,37.7905807495117,18.3070201873779,6.39636135101318,150.977569580078,0,21.149709701538
160217,HD9,Basophils,10.3791570663452,2.73903846740722,0.915405809879303,0.693758368492126,9.49444007873535,1.048269033432,10.3365030288696,72.2493057250976,1.21826267242431,11.041181564331
160217,HD9,CD14 monocytes,23.5555639266967,4.4274468421936,6.39706635475158,7.65741896629333,52.3154544830322,31.9663276672363,21.3642215728759,327.240005493164,2.4275699853897,32.8313026428222
160217,HD9,CD16 monocytes,18.0517644882202,6.17598485946655,3.90104603767395,5.11954164505004,45.0171947479248,69.8106002807617,10.8893413543701,189.299011230468,0,15.7548089027404
160217,HD9,CD1c DCs,14.2091698646545,2.91930627822875,5.68071889877319,3.60218012332916,54.4028549194335,41.3027114868164,48.8096141815185,321.185470581054,1.42929166555404,40.9147014617919
160217,HD9,CD4 T cells,5.55940532684326,0.0509092360734939,0.907667100429534,2.39980387687683,31.1060066223144,10.8739576339721,34.2694091796875,145.066345214843,2.45222640037536,8.82811450958252
160217,HD9,CD8 T cells,5.91210436820983,0,1.67044448852539,1.14379715919494,34.1178646087646,15.7966256141662,42.0420455932617,153.959976196289,1.66359519958496,9.97844457626342
160217,HD9,NK cells,7.62075328826904,0.952383637428283,5.49150705337524,0.636388957500457,35.2232933044433,34.3529548645019,6.39266967773437,160.746017456054,0.93795508146286,12.8466672897338
160217,HD9,NKT cells,6.26177215576171,0,0.469416439533233,0.359339237213134,19.3861865997314,31.1960391998291,5.37483739852905,77.5969009399414,0.21570399403572,6.47383737564086
160217,HD9,pDCs,9.99487781524658,4.06878566741943,4.82807993888855,2.07245528697967,49.2108497619628,32.7177810668945,22.972388267517,317.264846801757,0.378253877162933,49.3218078613281
160217,HD10,B cells,5.49699926376342,0.279643982648849,2.03473317623138,2.88472211360931,37.0719547271728,18.567626953125,6.47775936126709,151.081146240234,0,20.69771194458
160217,HD10,Basophils,9.47696208953857,2.28761863708496,1.09083521366119,1.18303406238555,9.13068962097168,0.617893159389495,10.121223449707,70.4156265258789,0.975575447082519,10.9524230957031
160217,HD10,CD14 monocytes,23.8983993530273,4.31961393356323,6.19795370101928,7.73872804641723,51.5493469238281,32.7319679260253,22.6697597503662,324.97915649414,2.45580577850341,33.1275367736816
160217,HD10,CD16 monocytes,18.9390573501586,5.98972296714782,3.65722966194152,5.11055827140808,44.0984592437744,72.9324569702148,11.3579406738281,188.300735473632,0,14.6913428306579
160217,HD10,CD1c DCs,14.0191831588745,2.82557678222656,5.35942459106445,3.97529911994934,52.6226005554199,43.5668907165527,51.4455490112304,323.295593261718,1.22944915294647,40.4271011352539
160217,HD10,CD4 T cells,5.4888162612915,0.0533643886446952,0.980139911174774,2.47743701934814,30.8066101074218,11.1023721694946,33.9871559143066,143.862762451171,2.43013858795166,8.67560386657714
160217,HD10,CD8 T cells,5.98130273818969,0,1.72426056861877,1.21554768085479,33.7744140625,16.0323772430419,41.9846878051757,152.767288208007,1.63279008865356,9.70590305328369
160217,HD10,NK cells,7.54179382324218,1.09506279230117,5.81044673919677,0.727666854858398,35.2996768951416,34.2460765838623,6.40301775932312,161.335983276367,0.952189654111862,12.8990087509155
160217,HD10,NKT cells,5.91185092926025,0.085551293566823,0.628320336341857,0.667253375053405,18.6241436004638,29.4311046600341,5.76952409744262,77.9577255249023,0,6.84386730194091
160217,HD10,pDCs,11.1629934310913,4.9616355895996,4.86912870407104,2.21563529968261,46.4338302612304,33.9615058898925,21.4595298767089,306.3974609375,0.970784962177276,50.1416473388671
151030,CV7095,CD14 monocytes,15.7080001831054,17.1919994354248,76.7730026245117,14.2480001449584,96.4759979248046,92.9010009765625,24.3770008087158,370.015014648437,9.43299961090087,121.025001525878
151030,CV7095,CD16 monocytes,14.5410003662109,19.6974992752075,34.3350009918212,16.789999961853,52.5679988861084,130.192497253417,15.0914998054504,185.592498779296,0,7.90100002288818
151030,CV7095,B cells,3.85700011253356,3.1340000629425,17.0189990997314,4.06300020217895,40.2029991149902,30.8659992218017,17.9720001220703,90.1309967041015,0,8.44999980926513
151030,CV7095,Basophils,10.3319997787475,2.05999994277954,10.0069999694824,2.16600000858306,12.8399996757507,2.41699993610382,19.4934997558593,79.2104988098144,2.01249998807907,36.2259998321533
151030,CV7095,CD1c DCs,8.57999992370605,9.38549995422363,62.8635005950927,8.46899986267089,84.5450019836425,72.6660003662109,83.513500213623,406.585494995117,2.76449990272521,235.695999145507
151030,CV7095,CD4 T Cells,4.71650004386901,2.26100003719329,13.6325001716613,3.06900000572204,32.3824996948242,23.1884994506835,51.8760013580322,83.2064971923828,0,0.838999986648559
151030,CV7095,CD8 T cells,4.44899988174438,2.2755000591278,13.9965000152587,2.4614999294281,33.3010005950927,24.869999885559,50.5634994506835,94.818000793457,0,1.73300004005432
151030,CV7095,NK cells,6.06150007247924,4.16799998283386,14.2249999046325,2.9815000295639,34.533498764038,66.0084991455078,29.3444995880126,105.782001495361,4.59200000762939,0.907000005245208
151030,CV7095,NKT cells,3.7130000591278,2.57699990272521,11.9790000915527,2.46799993515014,26.0499992370605,40.6759986877441,22.9209995269775,74.8619995117187,6.13299989700317,0.763000011444091
151030,CV7095,pDCs,4.85099983215332,5.11700010299682,35.7569999694824,5.9079999923706,61.011001586914,48.6860008239746,32.4440002441406,211.774993896484,0,39.625
151030,CV7096,CD14 monocytes,13.6219997406005,15.2569999694824,74.213996887207,12.5069999694824,95.7900009155273,80.3880004882812,25.5319995880126,354.864013671875,11.2869997024536,134.662994384765
151030,CV7096,CD16 monocytes,12.888000011444,18.8640003204345,35.0759983062744,12.6880002021789,53.0304985046386,124.85350036621,15.9395003318786,155.153999328613,0,4.75699996948242
151030,CV7096,B cells,3.67200005054473,2.85049998760223,16.8429994583129,3.91600000858306,39.3854999542236,28.8470001220703,18.5725002288818,85.25,0,7.35750007629394
151030,CV7096,Basophils,9.57600021362304,1.92100000381469,11.8520002365112,0.717999994754791,17.2059993743896,2.27300000190734,22.1009998321533,88.9140014648437,2.32100009918212,34.6310005187988
151030,CV7096,CD1c DCs,6.55200004577636,8.61499977111816,69.761001586914,7.02199983596801,83.697998046875,64.9850006103515,91.5589981079101,391.109985351562,3.79099988937377,170.440002441406
151030,CV7096,CD4 T Cells,4.38999986648559,2.08899998664855,14.3794999122619,2.7444999217987,30.875,21.1529998779296,50.4375,76.0480003356933,0,0.639999985694885
151030,CV7096,CD8 T cells,4.31099987030029,1.91700005531311,14.8330001831054,2.125,33.0279998779296,23.023000717163,50.7849998474121,85.8450012207031,0.0379999987781047,1.38800001144409
151030,CV7096,NK cells,5.9539999961853,4.16900014877319,14.6780004501342,2.95300006866455,34.2929992675781,65.4459991455078,29.7520008087158,102.581001281738,4.13700008392334,0.653999984264373
151030,CV7096,NKT cells,3.97249996662139,2.27300000190734,12.0290002822875,2.16750001907348,27.0275001525878,37.3414993286132,23.517499923706,71.1749992370605,5.69800019264221,0.490000009536743
151030,CV7096,pDCs,6.85799980163574,4.94950008392334,37.1695003509521,3.71399998664855,65.7024993896484,53.0489997863769,37.5205001831054,207.106498718261,0,27.8870000839233
151030,CV7099,CD14 monocytes,13.829999923706,16.1949996948242,67.3690032958984,12.6309995651245,86,97.5830001831054,23.962999343872,340.565002441406,9.10700035095214,107.157997131347
151030,CV7099,CD16 monocytes,13.7639999389648,20.9300003051757,31.2689990997314,13.1969995498657,53.6529998779296,144.910003662109,15.2209997177124,162.598999023437,0,4.54199981689453
151030,CV7099,B cells,3.33550000190734,2.72449994087219,15.3045001029968,3.57049989700317,34.9599990844726,28.3990001678466,17.2890005111694,75.1949996948242,0,7.14600014686584
151030,CV7099,Basophils,9.38299989700317,1.83649998903274,7.81599998474121,1.16100001335144,10.7385001182556,2.51949989795684,20.1215000152587,76.8000030517578,0.0185000002384185,27.9504995346069
151030,CV7099,CD1c DCs,6.79600000381469,9.82400035858154,66.2320022583007,5.67000007629394,83.6149978637695,70.7750015258789,81.9440002441406,340.424987792968,3.5880000591278,115.088996887207
151030,CV7099,CD4 T Cells,4.07100009918212,2.05800008773803,13.4139995574951,2.76999998092651,29.9979991912841,21.1909999847412,50.1629981994628,76.8349990844726,0,0.505999982357025
151030,CV7099,CD8 T cells,3.96000003814697,2.12800002098083,13.373999595642,2.06900000572204,31.261999130249,22.8360004425048,50.8600006103515,85.4189987182617,0,1.25199997425079
151030,CV7099,NK cells,6.0789999961853,3.90700006484985,13.2650003433227,2.77500009536743,31.462999343872,61.7779998779296,28.8010005950927,99.8089981079101,4.25699996948242,0.552999973297119
151030,CV7099,NKT cells,3.7829999923706,2.59449994564056,11.1234998703002,2.61299991607666,24.0734996795654,37.2364997863769,21.9219999313354,67.4244995117187,4.96949982643127,0.204000003635883
151030,CV7099,pDCs,4.19899988174438,4.29500007629394,33.7400016784668,4.29400014877319,65.4660034179687,35.7569999694824,35.0989990234375,211.307998657226,0.279000014066696,28.2110004425048
151030,CV7100,CD14 monocytes,12.9409999847412,13.8529996871948,63.9230003356933,11.25,82.1179962158203,76.7070007324218,21.148000717163,341.861999511718,5.83900022506713,95.5550003051757
151030,CV7100,CD16 monocytes,11.5740003585815,16.5849990844726,31.5960006713867,11.6040000915527,49.1889991760253,102.307998657226,16.4939994812011,166.718002319335,0.0410000011324882,5.17100000381469
151030,CV7100,B cells,3.31649994850158,2.72099995613098,16.8514995574951,3.5605000257492,37.6509990692138,26.47350025177,16.6879997253417,96.1455001831054,0,9.63100004196167
151030,CV7100,Basophils,7.79299998283386,2.38100004196167,9.07849979400634,1.45800000429153,9.73449993133545,1.46649998426437,18.6624994277954,78.4025001525878,0.712999999523162,26.8014993667602
151030,CV7100,CD1c DCs,8.97500038146972,8.83699989318847,72.8649978637695,8.0930004119873,81.3410034179687,70.9349975585937,89.7809982299804,409.205993652343,3.375,179.337997436523
151030,CV7100,CD4 T Cells,4.09000015258789,1.94599997997283,13.7200002670288,2.51900005340576,29.4990005493164,20.8530006408691,48.1139984130859,79.6819992065429,0,0.917999982833862
151030,CV7100,CD8 T cells,3.85199999809265,1.95599997043609,13.5719995498657,2.00600004196167,30.9290008544921,22.1149997711181,46.8610000610351,92.0920028686523,0.115000002086162,1.91100001335144
151030,CV7100,NK cells,5.52999997138977,3.83200001716613,13.7030000686645,2.7150000333786,31.7405004501342,58.4615001678466,27.1665000915527,100.507503509521,4.6560001373291,0.764999985694885
151030,CV7100,NKT cells,3.5880000591278,2.06599998474121,11.8120002746582,1.7150000333786,24.4780006408691,35.51900100708,21.2320003509521,69.8649978637695,5.61399984359741,0.333999991416931
151030,CV7100,pDCs,5.07600021362304,5.51599979400634,31.9829998016357,4.11999988555908,57.773998260498,44.3279991149902,24.5869998931884,225.188995361328,0,30.693000793457
151030,CV7101,CD14 monocytes,12.4160003662109,13.5089998245239,66.890998840332,11.9490003585815,84.6019973754882,82.0270004272461,23.0139999389648,332.917999267578,8.5930004119873,109.116996765136
151030,CV7101,CD16 monocytes,11.0160002708435,13.263500213623,31.5215005874633,8.70600032806396,48.8729991912841,96.0025024414062,16.9144992828369,146.18399810791,0,4.81599998474121
151030,CV7101,B cells,3.65150010585784,2.30599999427795,15.7839999198913,3.5789999961853,36.6639995574951,27.1254997253417,19.1564998626709,80.4395027160644,0,7.79900002479553
151030,CV7101,Basophils,8.25950002670288,1.25849997997283,9.17350006103515,1.15650004148483,14.1189999580383,2.75450003147125,16.3769998550415,69.3010025024414,0.0195000004023313,26.981499671936
151030,CV7101,CD1c DCs,5.98799991607666,7.06099987030029,52.5789985656738,5.43599987030029,66.3590011596679,55.5810012817382,87.7959976196289,328.308013916015,1.40299999713897,42.4900016784668
151030,CV7101,CD4 T Cells,3.82599997520446,1.78400003910064,14.5010004043579,2.57249999046325,29.712999343872,19.4919996261596,49.8734989166259,74.5040016174316,0,0.584499984979629
151030,CV7101,CD8 T cells,3.71200001239776,1.63600003719329,14.5929999351501,1.94050002098083,31.0705003738403,20.6014995574951,50.1645011901855,84.7374992370605,0,1.40999996662139
151030,CV7101,NK cells,5.15450000762939,3.39800000190734,14.1564998626708,2.24749994277954,32.5520000457763,58.640998840332,28.5780000686645,99.1119995117187,4.64750003814697,0.633000016212463
151030,CV7101,NKT cells,3.5329999923706,2.02700006961822,12.2160000801086,1.90649998188018,25.0980005264282,34.1230010986328,21.9739999771118,65.8484992980957,6.04850006103515,0.637000024318695
151030,CV7101,pDCs,4.55100011825561,4.31749987602233,35.6620006561279,3.01850008964538,57.1644992828369,43.5559997558593,24.678500175476,216.320999145507,1.72850000858306,31.1989994049072
151030,CV7102,CD14 monocytes,13.6840000152587,14.5220003128051,64.3280029296875,13.2390003204345,79.9100036621093,90.1589965820312,25.94700050354,337.309997558593,6.55600023269653,98.2279968261718
151030,CV7102,CD16 monocytes,11.5215001106262,16.958999633789,33.8455009460449,10.183000087738,51.7719993591308,107.289501190185,14.5110001564025,159.06900024414,0,4.42650008201599
151030,CV7102,B cells,3.91500008106231,2.92650008201599,15.6904997825622,3.04799997806549,36.3015003204345,30.4064998626709,18.4650001525878,77.447998046875,0,7.62949991226196
151030,CV7102,Basophils,6.94899988174438,3.23499989509582,9.29500007629394,1.07500004768371,10.1450004577636,4.07999992370605,23.898000717163,85.3440017700195,0,29.5109996795654
151030,CV7102,CD1c DCs,7.85799980163574,6.57200002670288,51.7039985656738,5.13899993896484,68.3450012207031,73.1750030517578,82.1660003662109,318.653991699218,1.71899998188018,48.0089988708496
151030,CV7102,CD4 T Cells,3.91400003433227,1.93099999427795,13.66100025177,2.22300004959106,29.1180000305175,21.297999382019,50.9260005950927,73.0615005493164,0,0.478499993681907
151030,CV7102,CD8 T cells,3.64250004291534,1.7204999923706,14.0295000076293,1.53850001096725,29.5510005950927,22.6374998092651,48.1665000915527,80.7729988098144,0,1.25550001859664
151030,CV7102,NK cells,5.51499986648559,3.84800004959106,14.1820001602172,2.19899988174438,32.8110008239746,64.5419998168945,28.7259998321533,100.837997436523,3.94000005722045,0.69099998474121
151030,CV7102,NKT cells,3.57599997520446,2.17300009727478,11.2329998016357,1.65299999713897,23.6700000762939,38.625,21.966999053955,69.4629974365234,4.98799991607666,0
151030,CV7102,pDCs,6.35949993133544,4.91000008583068,32.5629997253418,4.34299993515014,62.3320007324218,56.8279991149902,43.3520011901855,234.727005004882,0.650499999523162,28.8044996261596
151030,CV7106,CD14 monocytes,13.4070000648498,13.535500049591,75.5755004882812,12.808000087738,90.8010025024414,77.0665016174316,25.2030000686645,363.111007690429,10.7254996299743,125.694999694824
151030,CV7106,CD16 monocytes,12.8875002861022,19.0694999694824,35.376501083374,12.5920000076293,52.7119998931884,121.228000640869,13.9879999160766,164.184494018554,0,3.19249999523162
151030,CV7106,B cells,4.0479998588562,2.40300011634826,16.9400005340576,4.07200002670288,37.4949989318847,29.2220001220703,17.4680004119873,87.9049987792968,0,7.84499979019165
151030,CV7106,Basophils,10.2295002937316,1.72799998521804,7.69799995422363,1.3914999961853,11.731499671936,0.931000024080276,19.3055000305175,68.3055000305175,1.66750001907348,29.4664993286132
151030,CV7106,CD1c DCs,8.19549989700317,9.75050020217895,62.1399993896484,8.10150003433227,72.3125,63.4530010223388,88.2495002746582,361.335510253906,1.93849998712539,142.074005126953
151030,CV7106,CD4 T Cells,4.11499977111816,1.87600004673004,14.4329996109008,2.78200006484985,30.4650001525878,19.6979999542236,50.64400100708,79.1989974975586,0,0.609000027179718
151030,CV7106,CD8 T cells,4.05399990081787,1.72000002861022,14.826500415802,2.11249995231628,31.9344997406005,20.7504997253417,50.0084991455078,90.0634994506836,0.000500000023748725,1.48099994659423
151030,CV7106,NK cells,5.5569999217987,3.68799996376037,13.9750003814697,2.94050002098083,32.9845008850097,59.767499923706,28.6335000991821,103.656997680664,4.71800017356872,0.917499989271163
151030,CV7106,NKT cells,3.75500011444091,2.39199995994567,12.0419998168945,2.49799990653991,25.3479995727539,35.3759994506835,22.4640007019042,71.3040008544921,5.55000019073486,0.444000005722045
151030,CV7106,pDCs,5.1269998550415,3.19600009918212,39.3950004577636,4.00899982452392,60.3230018615722,40.076000213623,22.9179992675781,208.361999511718,0.0970000028610229,35.6720008850097
151030,CV7107,CD14 monocytes,14.9540004730224,14.3999996185302,75.7590026855468,12.2220001220703,94.5080032348632,87.0199966430664,26.1569995880126,357.154998779296,12.28600025177,120.224998474121
151030,CV7107,CD16 monocytes,13.1999998092651,21.498999595642,33.4610004425048,14.3385000228881,56.2775001525878,133.352996826171,15.5735001564025,170.15950012207,0,5.97950005531311
151030,CV7107,B cells,3.68200004100799,2.46800005435943,18.1709995269775,4.09950017929077,38.2255001068115,25.3599996566772,17.9014997482299,93.5940017700195,0,8.79749965667724
151030,CV7107,Basophils,8.72749996185302,1.65600001811981,10.0615000724792,1.40549999475479,16.6150007247924,2.00800001621246,20.3059997558593,85.2385025024414,2.30050003528594,30.9595003128051
151030,CV7107,CD1c DCs,8.49250030517578,8.02050018310546,65.1925010681152,7.14499998092651,84.9699974060058,59.8635005950927,83.8680000305175,367.438995361328,2.73650002479553,179.402999877929
151030,CV7107,CD4 T Cells,4.35950016975402,1.75499999523162,14.4945001602172,3.00099992752075,31.6730003356933,19.2659997940063,49.8955001831054,81.0745010375976,0,0.822499990463256
151030,CV7107,CD8 T cells,4.41599988937377,1.74399995803833,15.2259998321533,2.30399990081787,32.2159996032714,20.8689994812011,52.1599998474121,92.4840011596679,0.15600000321865,2.07999992370605
151030,CV7107,NK cells,5.90000009536743,3.57299995422363,15.4840002059936,3.1119999885559,33.3429985046386,59.898998260498,28.4379997253417,104.850997924804,5.5640001296997,1.33000004291534
151030,CV7107,NKT cells,3.74600005149841,2.13000011444091,13.6040000915527,2.50500011444091,26.3120002746582,35.375,22.9069995880126,76.0979995727539,5.82100009918212,1.08000004291534
151030,CV7107,pDCs,7.57299995422363,4.44999980926513,34.9869995117187,5.20499992370605,66.1859970092773,50.6139984130859,31.4340000152587,227.619003295898,0,19.7029991149902
151030,CV7110,CD14 monocytes,18.3369998931884,21.2970008850097,63.9370002746582,17.3110008239746,91.818000793457,148.964004516601,24.8859996795654,389.18701171875,7.69799995422363,124.667999267578
151030,CV7110,CD16 monocytes,22.6620006561279,38.191499710083,34.583999633789,26.3284997940063,58.3020000457763,262.730499267578,17.0104999542236,208.302497863769,0,6.00349998474121
151030,CV7110,B cells,4.18300008773803,4.40299987792968,14.9750003814697,4.58300018310546,39.8969993591308,40.136001586914,18.9409999847412,98.1259994506836,0,10.9060001373291
151030,CV7110,Basophils,13.1680002212524,2.29999995231628,9.07800006866455,1.39999997615814,17,2.49300003051757,20.4570007324218,103.445999145507,0.56300002336502,38.8610000610351
151030,CV7110,CD1c DCs,10.1260004043579,11.1709995269775,71.1080017089843,8.32600021362304,86.3619995117187,95.3430023193359,89.8740005493164,393.325988769531,4.1890001296997,246.97900390625
151030,CV7110,CD4 T Cells,5.33199977874755,3.22299993038177,13.1219997406005,3.54350006580352,32.6484985351562,28.602499961853,51.1940002441406,96.1624984741211,0.120499998331069,1.44400000572204
151030,CV7110,CD8 T cells,5.39400005340576,3.37899994850158,13.4049997329711,2.92899990081787,34.466999053955,31.6019992828369,50.4039993286132,105.251998901367,0.323000013828277,2.33699989318847
151030,CV7110,NK cells,8.36299991607666,6.32499980926513,13.5644998550415,4.4854998588562,35.9500007629394,77.8610000610351,30.432499885559,118.435497283935,4.94300007820129,1.1700000166893
151030,CV7110,NKT cells,5.26300001144409,4.13050007820129,11.5829997062683,3.10850000381469,28.4519996643066,45.8050003051757,24.4064998626709,88.0074996948242,6.05049991607666,1.30599999427795
151030,CV7110,pDCs,7.66900014877319,6.10599994659423,29.8369998931884,5.47599983215332,62.9650001525878,56.125,34.4640007019043,262.316009521484,0,60.4309997558593
151030,CV7111,CD14 monocytes,14.201000213623,15.2829999923706,72.1289978027343,11.4280004501342,91.5979995727539,82.0029983520507,24.7800006866455,356.81900024414,9.97700023651123,123.86799621582
151030,CV7111,CD16 monocytes,11.7740001678466,17.9190006256103,32.6949996948242,11.7159996032714,52.136001586914,113.03800201416,15.418999671936,155.679992675781,0.0930000022053718,4.93599987030029
151030,CV7111,B cells,3.80200004577636,2.50399994850158,16.5419998168945,3.79600000381469,38.1860008239746,31.1940002441406,19.4899997711181,78.1500015258789,0,7.8289999961853
151030,CV7111,Basophils,8.96700000762939,1.692999958992,9.23299980163574,1.26499998569488,12.8839998245239,2.1489999294281,20.4780006408691,75.5309982299804,1.08500003814697,34.3209991455078
151030,CV7111,CD1c DCs,8.12100028991699,8.1899995803833,70.1029968261718,6.14599990844726,83.6559982299804,70.8320007324218,91.1060028076171,398.592010498046,5.40100002288818,188.460006713867
151030,CV7111,CD4 T Cells,4.26900005340576,2.07999992370605,14.2150001525878,2.81299996376037,31.0020008087158,21.9909992218017,50.5289993286132,77.9489974975586,0,0.790000021457672
151030,CV7111,CD8 T cells,4.09999990463256,2.010999917984,13.7749996185302,1.94500005245208,32.3409996032714,23.5200004577636,49.8559989929199,87.4120025634765,0.0089999996125698,1.48099994659423
151030,CV7111,NK cells,5.93799996376037,3.95050001144409,13.753999710083,2.91499996185302,33.3485012054443,63.8155002593994,29.0795001983642,100.12149810791,4.5954999923706,0.670500010251998
151030,CV7111,NKT cells,3.6800000667572,2.50799989700317,11.6000003814697,2.26799988746643,24.6650009155273,38.4160003662109,22.6490001678466,71.208999633789,5.09899997711181,0.736000001430511
151030,CV7111,pDCs,5.91650009155273,4.11600017547607,31.1210002899169,4.6414999961853,60.8544998168945,49.0410003662109,26.7230005264282,217.634994506835,0,29.8575000762939
151030,HD1,CD14 monocytes,14.7220001220703,12.6550002098083,40.1875,12.7290000915527,71.7040023803711,92.5389976501464,24.3949995040893,271.315505981445,1.75,52.9535007476806
151030,HD1,CD16 monocytes,13.2154998779296,20.7399997711181,29.3780002593994,14.0044999122619,57.3800010681152,138.813499450683,14.7840003967285,144.128997802734,0,2.83599996566772
151030,HD1,B cells,4.35000014305114,2.87750005722045,15.0285000801086,4.12549996376037,40.7080001831054,29.2385005950927,19.1445007324218,60.0345001220703,0,6.12299990653991
151030,HD1,Basophils,11.4829998016357,1.31400001049041,7.7519998550415,2.26900005340576,12.2849998474121,2.42700004577636,24.0030002593994,87.9489974975586,0,35.7190017700195
151030,HD1,CD1c DCs,10.3760004043579,6.09499979019165,40.7389984130859,8.11900043487548,76.5719985961914,68.427001953125,83.6210021972656,256.190002441406,0.731999993324279,12.2399997711181
151030,HD1,CD4 T Cells,4.37799978256225,1.66999995708465,13.5179996490478,2.99300003051757,33.9239997863769,20.0109996795654,51.2970008850097,71.8550033569336,0,0.187999993562698
151030,HD1,CD8 T cells,4.12099981307983,1.69000005722045,13.5299997329711,2.25200009346008,34.398998260498,21.2600002288818,51.3930015563964,83.5260009765625,0.0949999988079071,0.847999989986419
151030,HD1,NK cells,6.03900003433227,3.51500010490417,13.4930000305175,3.32200002670288,34.9099998474121,58.1030006408691,30.6070003509521,101.704002380371,4.59800004959106,0.372999995946884
151030,HD1,NKT cells,4.14499998092651,2.16199994087219,11.1490001678466,2.71799993515014,27.7469997406005,35.511001586914,22.708999633789,73.1340026855468,5.7849998474121,0.296000003814697
151030,HD1,pDCs,6.73999977111816,5.14400005340576,38.474998474121,4.68599987030029,60.8110008239746,49.0779991149902,44.9259986877441,226.276992797851,0.189999997615814,21.6909999847412
151030,HD2,CD14 monocytes,14.5929999351501,13.5159997940063,42.5694999694824,13.829999923706,72.1240005493164,94.3199996948242,26.0225000381469,273.823013305664,2.10300004482269,54.6695003509521
151030,HD2,CD16 monocytes,14.2980003356933,18.3090000152587,32.7799987792968,14.9569997787475,55.2929992675781,126.190002441406,16.5030002593994,152.95799255371,0,3.11899995803833
151030,HD2,B cells,4.34000015258789,2.77500009536743,15.6059999465942,4.28700017929077,38.0359992980957,28.2350006103515,18.402000427246,61.7989997863769,0,5.71899986267089
151030,HD2,Basophils,11.6899995803833,1.82000005245208,7.5640001296997,1.76400005817413,12.3649997711181,3.68700003623962,23.587999343872,85.1129989624023,0,31.3850002288818
151030,HD2,CD1c DCs,8.23400020599365,6.7519998550415,46.4259986877441,6.10099983215332,75.458999633789,67.3399963378906,87.8649978637695,257.914001464843,0.356999993324279,13.1450004577636
151030,HD2,CD4 T Cells,4.14599990844726,1.78600001335144,13.9930000305175,3.0239999294281,32.2379989624023,19.648000717163,51.3985004425048,71.7094993591308,0,0.0995000004768371
151030,HD2,CD8 T cells,4.23000001907348,1.68499994277954,14.1549997329711,2.19600009918212,33.8969993591308,20.5300006866455,52.0960006713867,82.6740036010742,0.050000000745058,0.767000019550323
151030,HD2,NK cells,5.85400009155273,3.62299990653991,14.112000465393,3.07299995422363,34.7560005187988,57.8520011901855,29.6830005645751,99.0029983520507,4.52699995040893,0.441000014543533
151030,HD2,NKT cells,3.90000009536743,2.19799995422363,12.4530000686645,2.89700007438659,27.1000003814697,35.5130004882812,23.4039993286132,70.7580032348632,5.84800004959106,0.175999999046325
151030,HD2,pDCs,5.66000008583068,4.30299997329711,34.8935012817382,5.6414999961853,60.2819995880126,47.5440006256103,30.1389999389648,218.97900390625,0,32.1640005111694
151030,HD3,CD14 monocytes,14.2690000534057,13.4860000610351,42.3279991149902,12.9720001220703,68.3430023193359,91.8190002441406,23.3430004119873,261.648010253906,2.21900010108947,51.9459991455078
151030,HD3,CD16 monocytes,12.0789999961853,16.602499961853,28.2684993743896,13.0995001792907,51.7910003662109,106.723999023437,15.866000175476,132.423500061035,0,3.35899996757507
151030,HD3,B cells,3.61349999904632,2.81299996376037,15.7150001525878,4.08999991416931,38.3420009613037,27.878999710083,18.4329996109008,66.9404983520507,0,6.26349997520446
151030,HD3,Basophils,11.5690002441406,1.70299994945526,7.21000003814697,1.41799998283386,8.69799995422363,2.02600002288818,22.1919994354248,68.890998840332,0,32.6529998779296
151030,HD3,CD1c DCs,9.38500022888183,7.04199981689453,42.0649986267089,6.63100004196167,75.3600006103515,62.5400009155273,83.3109970092773,258.834014892578,0.735000014305114,15.2320003509521
151030,HD3,CD4 T Cells,4.24100017547607,1.80499994754791,14.003999710083,2.91000008583068,30.9759998321533,19.7080001831054,50.9500007629394,69.7020034790039,0,0.105999998748302
151030,HD3,CD8 T cells,4.22900009155273,1.79299998283386,13.9560003280639,2.21700000762939,31.9249992370605,20.8990001678466,50.8110008239746,81.1220016479492,0,0.714999973773956
151030,HD3,NK cells,5.51399993896484,3.61449992656707,14.2779998779296,3.15399992465972,33.1590003967285,59.1790008544921,30.0109996795654,97.2179985046386,4.23300004005432,0.176500000059604
151030,HD3,NKT cells,3.96299993991851,2.32799994945526,11.4835000038146,2.47800004482269,25.9975004196167,34.773000717163,22.2484998703002,67.8209991455078,6.06750011444091,0.185999996960163
151030,HD3,pDCs,5.09200000762939,3.75300002098083,36.1959991455078,2.75500011444091,57.3370018005371,38.8320007324218,28.8729991912841,204.024002075195,0,46.5519981384277
151030,HD4,CD14 monocytes,12.5430002212524,10.3839998245239,49.9550018310546,11.7130002975463,68.265998840332,81.4980010986328,24.9920005798339,257.947998046875,4.05100011825561,59.7620010375976
151030,HD4,CD16 monocytes,10.6470003128051,12.6065001487731,34.1100006103515,10.1229996681213,51.505500793457,85.1940002441406,16.0010004043579,117.513000488281,0,2.93900001049041
151030,HD4,B cells,4.2519998550415,2.27250003814697,18.0869998931884,3.6230000257492,37.0074996948242,27.1470003128051,18.1000003814697,50.5284996032714,0,3.66050004959106
151030,HD4,Basophils,9.17799997329712,1.47400003671646,6.90299987792968,0.979499995708465,5.68700003623962,2.9594999551773,20.5295000076293,64.95650100708,0,25.1215000152587
151030,HD4,CD1c DCs,7.88000011444091,5.48199987411499,49.2560005187988,6.25899982452392,64.9010009765625,59.0250015258789,82.713996887207,238.787002563476,0.248999997973442,13.3940000534057
151030,HD4,CD4 T Cells,4.09800004959106,1.47399997711181,15.7659997940063,2.86599993705749,30.6079998016357,16.6550006866455,49.5719985961914,61.9780006408691,0,0
151030,HD4,CD8 T cells,3.89199995994567,1.36600005626678,15.616000175476,2.22600007057189,31.5370006561279,17.7989997863769,49.9679985046386,71.7030029296875,0,0.168999999761581
151030,HD4,NK cells,4.71849989891052,2.9025000333786,14.8324999809265,2.77600002288818,31.5924997329711,53.5469989776611,28.7649993896484,91.1520004272461,3.89800000190734,0.204000003635883
151030,HD4,NKT cells,3.260999917984,1.78999996185302,12.9049997329711,2.60400009155273,24.3020000457763,31.4270000457763,21.69700050354,60.2150001525878,5.75400018692016,0
151030,HD4,pDCs,5.47599983215332,4.4850001335144,36.8790016174316,3.89800000190734,55.7529983520507,42.3619995117187,28.777000427246,202.046005249023,0.675000011920929,21.6490001678466
151030,HD5,CD14 monocytes,14.8315000534057,14.6300001144409,50.3810005187988,14.0260000228881,74.3894996643066,101.336498260498,25.6754999160766,280.289001464843,4.84299993515014,63.1215000152587
151030,HD5,CD16 monocytes,13.2024998664855,19.436499595642,34.6540012359619,14.6209998130798,55.0184993743896,116.40050125122,16.9514999389648,144.934501647949,0.206500001251697,2.8914999961853
151030,HD5,B cells,3.47900009155273,2.64000010490417,15.5780000686645,3.95000004768371,37.0950012207031,27.1889991760253,17.3610000610351,56.8279991149902,0,5.00400018692016
151030,HD5,Basophils,12.3579998016357,1.84300005435943,8.38599967956543,1.4520000219345,13.1490001678466,3.53200006484985,22.0960006713867,82.261001586914,0,36.4160003662109
151030,HD5,CD1c DCs,6.875,7.08949995040893,41.5020008087158,7.48800015449523,71.4729995727539,63.1604995727539,84.844497680664,251.639999389648,0.296000003814697,12.4695000648498
151030,HD5,CD4 T Cells,4.08450007438659,1.77100002765655,14.4074997901916,3.00099992752075,30.7720003128051,19.2925004959106,50.6715011596679,67.7470016479492,0,0.0309999994933605
151030,HD5,CD8 T cells,3.86599993705749,1.7150000333786,14.2930002212524,2.21900010108947,32.1199989318847,20.1140003204345,51.4720001220703,78.6760025024414,0.0529999993741512,0.79799997806549
151030,HD5,NK cells,5.96700000762939,3.64750003814697,14.0209999084472,2.87699997425079,33.1870002746582,57.4770011901855,29.9250001907348,96.3665008544921,4.34399986267089,0.195000000298023
151030,HD5,NKT cells,3.86500000953674,2.33100008964538,11.7690000534057,2.32800006866455,25.3010005950927,34.8849983215332,22.7269992828369,68.0790023803711,5.49100017547607,0
151030,HD5,pDCs,5.3600001335144,6.6100001335144,31.8199996948242,3.8050000667572,57.6059989929199,51.4799995422363,33.1170005798339,211.39599609375,0,35.152000427246
151030,HD6,CD14 monocytes,15.289999961853,13.5380001068115,43.0279998779296,13.6260004043579,68.5,94.0859985351562,23.886999130249,263.295989990234,2.16799998283386,50.2560005187988
151030,HD6,CD16 monocytes,12.3680000305175,16.2910003662109,32.2340011596679,13.9540004730224,52.6609992980957,106.790000915527,13.9300003051757,127.498001098632,0,2.7369999885559
151030,HD6,B cells,3.69600009918212,2.49300003051757,15.6669998168945,3.85149991512298,37.589500427246,28.1069993972778,17.7574996948242,56.8815002441406,0,5.38349986076355
151030,HD6,Basophils,10.5570001602172,1.84599995613098,7.31500005722045,0.861999988555908,10.1940002441406,3.02600002288818,21.4790000915527,76.1240005493164,0,32.5519981384277
151030,HD6,CD1c DCs,9.1414999961853,6.89950013160705,40.2304992675781,6.76349997520446,70.8504981994628,64.0130023956298,83.7304992675781,254.391502380371,0.735000014305114,9.92049980163574
151030,HD6,CD4 T Cells,4.19600009918212,1.73800003528594,13.9420003890991,3.03200006484985,31.6630001068115,19.2700004577636,50.7140007019043,66.5589981079101,0,0
151030,HD6,CD8 T cells,4.31299996376037,1.73449999094009,14.3579998016357,2.30750000476837,32.7884998321533,20.8400001525878,52.2155017852783,78.6240005493164,0.0870000012218952,0.735500007867813
151030,HD6,NK cells,5.71899986267089,3.52300000190734,14.375,2.85800004005432,33.3930015563964,56.6150016784668,30.1749992370605,95.7119979858398,4.85599994659423,0.291000008583068
151030,HD6,NKT cells,3.86050009727478,1.99150002002716,11.9060001373291,2.56000006198883,25.9724998474121,34.7255001068115,22.6730003356933,69.0790023803711,5.59850001335144,0.0484999995678663
151030,HD6,pDCs,6.14300012588501,4.34000015258789,36.5890007019043,3.9539999961853,58.6809997558593,43.3250007629394,29.7859992980957,218.328994750976,0.0989999994635582,29.4850006103515